Brick,SMM
MERSIN HURRIYET+BARBAROS,AKDAŞ ECZANESİ
MERSIN MEZITLI+TECE,ALP ECZANESİ
MERSIN MEZITLI+TECE,ASLAN ECZANESİ
ADANA RESATBEY,ATAMAN ECZANESİ
MERSIN MEZITLI+TECE,BETÜL ECZANESİ
MERSIN TOROSLAR+AKBELEN,BİLGEN ECZANESİ
ADANA 19 MAYIS,BÜYÜKNİSAN ECZANESİ
ADANA KURUKOPRU,CADDE ECZANESİ
MERSIN HURRIYET+BARBAROS,ÇAĞDAŞ ECZANESİ
MERSIN TOROSLAR+AKBELEN,ÇAĞDAŞKENT ECZANESİ
ADANA CEYHAN MERKEZ-2,ÇAMLIYOL ECZANESİ
MERSIN MEZITLI+TECE,CANSU ECZANESİ
MERSIN BAHCE+HAMIDIYE,CEMALOĞLU ECZANESİ
MERSIN BAHCE+HAMIDIYE,ÇIĞLI ECZANESİ
MERSIN TARSUS -1,DARENDE ECZANESİ
MERSIN MEZITLI+TECE,DEMİRMENCİ ECZANESİ
MERSIN ERDEMLI,DEVA ECZANESİ
MERSIN MEZITLI+TECE,DÖNMEZ ECZANESİ
MERSIN MEZITLI+TECE,ECEM ECZANESİ
ADANA CEYHAN MERKEZ-2,EGEMEN ECZANESİ
ADANA 19 MAYIS,ERDAŞ ECZANESİ
MERSIN TARSUS -2,ERDİNÇ ECZANESİ
ADANA CEMALPASA,ESİN KIRAÇ ECZANESİ
ADANA RESATBEY,FEHİMAN ECZANESİ
ADANA RESATBEY,GAZİPAŞA ECZANESİ
MERSIN PALMIYE + INONU,GİZEM UYGUN ECZANESİ
MERSIN SILIFKE,GÖKSU ECZANESİ
MERSIN ELVANLI+KIZKALESI,GÖRKEM ECZANESİ
MERSIN MEZITLI+TECE,HASBAY ECZANESİ
MERSIN MEZITLI+TECE,İDİL ECZANESİ
MERSIN HURRIYET+BARBAROS,İKİZLER ECZANESİ
MERSIN PALMIYE + INONU,İREM ECZANESİ
MERSIN BAHCE+HAMIDIYE,IRMAK ECZANESİ
ADANA RESATBEY,İSTANBULLUOĞLU ECZANESİ
MERSIN MAHMUDIYE,LOTUS ECZANESİ
MERSIN PALMIYE + INONU,NEFES ECZANESİ
MERSIN MEZITLI+TECE,ÖNDER ECZANESİ
MERSIN TARSUS -5,ÖNDER GÜNER ECZANESİ
MERSIN TARSUS -3,ÖRSAN ECZANESİ
MERSIN MEZITLI+TECE,OYA ECZANESİ
MERSIN HURRIYET+BARBAROS,ÖZGÜN ECZANESİ
ADANA CEYHAN MERKEZ-2,SAĞLIK ECZANESİ
MERSIN SILIFKE,SAĞLIK ECZANESİ
MERSIN HURRIYET+BARBAROS,SARIYILDIZ ECZANESİ
ADANA RESATBEY,ŞENCAN ECZANESİ
MERSIN PALMIYE + INONU,SİBEL KOÇAK ECZANESİ
MERSIN TARSUS -5,SİMA ECZANESİ
MERSIN MEZITLI+TECE,SOLİ ECZANESİ
MERSIN MEZITLI+TECE,TECE PLUS ECZANESİ
ADANA RESATBEY,TUBA ÇOMOĞLU ECZANESİ
MERSIN SILIFKE,TUĞBA ECZANESİ
MERSIN ERDEMLI,TUNAY ECZANESİ
ADANA NARLICA+FEVZIPASA,UTKU ECZANESİ
MERSIN MEZITLI+TECE,UZMAN ECZANESİ
MERSIN MEZITLI+TECE,YAKUPOĞLU ECZANESİ
ADANA MAHFESIGMAZ -1,YENİ HAYAT ECZANESİ
MERSIN TOROSLAR+AKBELEN,YİĞİT ECZANESİ
MERSIN MEZITLI+TECE,YÜKSEL ECZANESİ
MERSIN HURRIYET+BARBAROS,YUNUS ECZANESİ
MUGLA DALAMAN+ORTACA,ALTIN ECZANESİ
MUGLA DALAMAN+ORTACA,ASLI ECZANESİ
MUGLA BODRUM -2,ATLAS ECZANESİ
MUGLA FETHIYE -2,BALCI ECZANESİ
MUGLA DALAMAN+ORTACA,BALCI ECZANESİ
MUGLA BODRUM -4,BANU ECZANESİ
MUGLA BODRUM -4,BEGONVİL ECZANESİ
MUGLA MARMARIS -2,BEGÜM ECZANESİ
MUGLA BODRUM -3,BERKAY BİROL ECZANESİ
MUGLA BODRUM -4,BİTEZ ECZANESİ
MUGLA BODRUM -4,BODRUM TURUNÇ ECZANESİ
MUGLA MARMARIS -1,BOZBURUN ECZANESİ
ANTALYA KAS+KALE,BUKET ECZANESİ
MUGLA BODRUM -3,BURÇİN ECZANESİ
MUGLA FETHIYE -2,ÇALIŞ ECZANESİ
MUGLA FETHIYE -3,ÇAMCI ECZANESİ
MUGLA DALAMAN+ORTACA,CAMUZCUOĞLU ECZANESİ
MUGLA BODRUM -4,CANSEL ECZANESİ
MUGLA FETHIYE -2,ÇARŞI ECZANESİ
MUGLA BODRUM -4,CEREN ECZANESİ
ANTALYA KAS+KALE,DERMAN ECZANESİ
ANTALYA KAS+KALE,DİCLE ECZANESİ
MUGLA DALAMAN+ORTACA,DİLEK ECZANESİ
MUGLA BODRUM -1,EGE ECZANESİ
MUGLA FETHIYE -2,ERTEM ECZANESİ
MUGLA BODRUM -3,FARİLYA ECZANESİ
MUGLA BODRUM -2,FİLİKA ECZANESİ
MUGLA BODRUM -4,GÜMÜŞLÜK ECZANESİ
MUGLA BODRUM -3,GÜNDOĞAN ECZANESİ
MUGLA FETHIYE -2,GÜNEŞ ECZANESİ
MUGLA MERKEZ -1,GÜNİZİ ECZANESİ
MUGLA FETHIYE -2,GÜVEN ECZANESİ
IZM MANAVKUYU,IŞIK ECZANESİ
MUGLA FETHIYE -3,KADIKÖY ECZANESİ
MUGLA MARMARIS -2,KARYA ECZANESİ
MUGLA BODRUM -2,KIVILCIM ECZANESİ
MUGLA MERKEZ -2,KURANOĞLU ECZANESİ
MUGLA BODRUM -3,LİMON ECZANESİ
MUGLA BODRUM -2,MANDARİN ECZANESİ
MUGLA BODRUM -4,MARİNA ECZANESİ
MUGLA BODRUM -3,MİDTOWN ECZANESİ
MUGLA BODRUM -4,NALBANTOĞLU ECZANESİ
MUGLA BODRUM -4,NATURA ECZANESİ
MUGLA MARMARIS -2,NİHAN ECZANESİ
MUGLA FETHIYE -3,ÖLÜDENİZ ECZANESİ
MUGLA BODRUM -4,ÖNER ECZANESİ
GAZIANTEP SAHINBEY - 11,ÖNGEN ECZANESİ
MUGLA BODRUM -3,ÖZER ECZANESİ
MUGLA BODRUM -4,PERA ECZANESİ
MUGLA BODRUM -4,ŞAFAK ECZANESİ
MUGLA FETHIYE -2,SEÇİL ECZANESİ
MUGLA MARMARIS -1,SERDAR ECZANESİ
MUGLA MARMARIS -2,SÖĞÜT ECZANESİ
MUGLA BODRUM -3,SÖĞÜTLÜ ECZANESİ
MUGLA BODRUM -2,SÖNMEZ ECZANESİ
MUGLA FETHIYE -2,TURKUAZ ECZANESİ
IST MERDIVENKOY -1,YALIKAVAK MARİNA ECZANESİ
IST SULTANBEYLI MERKEZ,YELKEN ECZANESİ
MUGLA BODRUM -1,YENİ ECZANESİ
MUGLA FETHIYE -2,YENİ ERTÜRK ECZANESİ
ANTALYA GAZIPASA,AİLE ECZANESİ
ANTALYA LARA+AKSU+C.KAYA,AKDENİZ PARK ECZANESİ
ANTALYA GAZIPASA,AKGÜN ECZANESİ
ANTALYA ALANYA -1,ARIKAN ECZANESİ
ANTALYA ALANYA -2,AY ECZANESİ
ANTALYA ALANYA -2,AZAKOĞLU ECZANESİ
ANTALYA ALANYA -3,BAŞAK ECZANESİ
ANTALYA ALANYA -3,BULUT ECZANESİ
ANTALYA AVSALLAR+KONAKLI,ÇAĞRICI ECZANESİ
ANTALYA ALANYA -3,ÇETİNKAYA ECZANESİ
ANTALYA AVSALLAR+KONAKLI,DENİZ ECZANESİ
ANTALYA GAZIPASA,DİM ECZANESİ
ANTALYA MANAVGAT -1,GİZEM ECZANESİ
ANTALYA SIDE+SORGUN,PINAR ECZANESİ
ANTALYA MANAVGAT -2,GÖKBEN ECZANESİ
ANTALYA GAZIPASA,GONCA ECZANESİ
ANTALYA ALANYA -3,GÜLERYÜZ ECZANESİ
ANTALYA ALANYA -2,KASAPOĞLU ECZANESİ
ANTALYA AVSALLAR+KONAKLI,MURAT ECZANESİ
ANTALYA AVSALLAR+KONAKLI,NEVBAHAR ECZANESİ
ANTALYA ALANYA -3,NİL ECZANESİ
ANTALYA AVSALLAR+KONAKLI,NUMAN ECZANESİ
ANTALYA ALANYA -3,ÖZNUR ECZANESİ
ANTALYA MANAVGAT -2,RİMMA ECZANESİ
ANTALYA AVSALLAR+KONAKLI,ŞANLI ECZANESİ
ANTALYA AVSALLAR+KONAKLI,SEVGİ ECZANESİ
ANTALYA SIDE+SORGUN,SEVGİ ECZANESİ
ANTALYA GAZIPASA,ŞİFA ECZANESİ
ANTALYA ALANYA -3,ŞİRİN ECZANESİ
ANTALYA ALANYA -2,SU ECZANESİ
ANTALYA SIDE+SORGUN,TUGİN ECZANESİ
ANTALYA ALANYA -3,TURUNÇ ECZANESİ
ANTALYA ALANYA -3,VİTAMİN ECZANESİ
ANTALYA GAZIPASA,ANILGAN ECZANESİ
ANTALYA GAZIPASA,EMİR ECZANESİ
ANTALYA GAZIPASA,GÖKMENLER ECZANESİ
ANTALYA GAZIPASA,GÖZLEM ECZANESİ
ANTALYA GAZIPASA,HACETTEPE ECZANESİ
ANTALYA ALANYA -2,NATURA ECZANESİ
ANTALYA LARA+AKSU+C.KAYA,AKSU MERT ECZANESİ
ANTALYA SIDE+SORGUN,ALBATROS ECZANESİ
ANTALYA MANAVGAT -2,BARBAROS ECZANESİ
ANTALYA KUMKOY+COLAKLI,BÜYÜKDEMİR ECZANESİ
ANTALYA GAZIPASA,DOĞA ECZANESİ
ANTALYA KUMKOY+COLAKLI,EGE OYKUN BAŞAR ECZANESİ
ANTALYA ALANYA -3,FİLİZ ECZANESİ
ANTALYA KUMKOY+COLAKLI,HATİCE ECZANESİ
ANTALYA SIDE+SORGUN,HİCRAN ECZANESİ
ANTALYA KUMKOY+COLAKLI,IRMAK ECZANESİ
ANTALYA MANAVGAT -1,KAVAKLI ECZANESİ
ANTALYA SIDE+SORGUN,ÖZGÜR ECZANESİ
ANTALYA SIDE+SORGUN,SAHİL ECZANESİ
ANTALYA GAZIPASA,ŞİMŞEK ECZANESİ
ANTALYA ALANYA -3,ŞÜKRAN ECZANESİ
ANTALYA MANAVGAT -2,UĞUR AKDENİZ ECZANESİ
ANTALYA MANAVGAT -1,VURAL ECZANESİ
ANTALYA GAZIPASA,YENİ PALMİYE ECZANESİ
ANTALYA GAZIPASA,YILMAZ ECZANESİ
ANTALYA ALANYA -1,YÜKSEK ECZANESİ
ANTALYA SIDE+SORGUN,ZÜHRE ECZANESİ
ANTALYA LARA+AKSU+C.KAYA,AKE ECZANESİ
ANTALYA LARA+AKSU+C.KAYA,AKŞEHİR ECZANESİ
ANTALYA KEPEZ -2,AKYILDIZ ECZANESİ
ANTALYA LARA+AKSU+C.KAYA,ALARA ECZANESİ
ANTALYA SERIK BELDELER,ALİ BAYGUT ECZANESİ
ANTALYA KEPEZ -2,ALYA ECZANESİ
ANTALYA KUZEYDOGU ILC.,ANTALYA MERKEZ ECZANESİ
ANTALYA KEPEZ -2,ARPEK ECZANESİ
ANTALYA KEPEZ -2,ATA ECZANESİ
ANTALYA KUMLUCA,ATALAY ECZANESİ
ANTALYA TOPCULAR,BALCI ECZANESİ
ANTALYA KEPEZ -2,BEREN ECZANESİ
ANTALYA TOPCULAR,BURCU ECZANESİ
ANTALYA LARA+AKSU+C.KAYA,BURCUM ECZANESİ
ANTALYA TOPCULAR,ÇAKIL ECZANESİ
ANTALYA ZERDALILIK,CEVAHİR ECZANESİ
ANTALYA LARA+AKSU+C.KAYA,DALYAN ECZANESİ
ANTALYA KUMLUCA,DEVA ECZANESİ
ANTALYA MURATPASA,DİKİLİTAŞ ECZANESİ
ANTALYA SERIK,DİLEK ECZANESİ
ANTALYA TOPCULAR,DOĞA ECZANESİ
ANTALYA TOPCULAR,DORUK ECZANESİ
ANTALYA KEPEZ -2,DÜNYA ECZANESİ
ANTALYA KEPEZ -2,EMİN ECZANESİ
ANTALYA SERIK BELDELER,ENDER ECZANESİ
ANTALYA LARA+AKSU+C.KAYA,EVİN ECZANESİ
ANTALYA LARA+AKSU+C.KAYA,FARMA ANTALYA ECZANESİ
ANTALYA LARA+AKSU+C.KAYA,FARMA LARA ECZANESİ
ANTALYA LARA+AKSU+C.KAYA,FENER ECZANESİ
ANTALYA TOPCULAR,FULYA ECZANESİ
ANTALYA LARA+AKSU+C.KAYA,GÖKÇE ECZANESİ
ANTALYA KEPEZ -1,GÖMBE ECZANESİ
ANTALYA KEPEZ -1,GÖZDE ECZANESİ
ANTALYA SERIK,GÜL ECZANESİ
ANTALYA TOPCULAR,İDİL ECZANESİ
ANTALYA LARA+AKSU+C.KAYA,İKLİM ECZANESİ
ANTALYA LARA+AKSU+C.KAYA,İRFAN ECZANESİ
ANTALYA SERIK BELDELER,KADRİYE ECZANESİ
ANTALYA SERIK BELDELER,KAHRAMAN ECZANESİ
ANTALYA LARA+AKSU+C.KAYA,LARA KLAS ECZANESİ
ANTALYA TOPCULAR,LAVANTA ECZANESİ
ANTALYA MEMUREVLERI,MANDALİN ECZANESİ
ANTALYA MURATPASA,MEVLANA ECZANESİ
ANTALYA TOPCULAR,MEYDAN ALPER ECZANESİ
ANTALYA KUMLUCA,ÖZLEM ECZANESİ
ANTALYA KEPEZ -2,RUKİYE ECZANESİ
ANTALYA LARA+AKSU+C.KAYA,ŞALE ECZANESİ
ANTALYA KEPEZ -2,SARIÇOBAN ECZANESİ
ANTALYA LARA+AKSU+C.KAYA,SERTER ECZANESİ
ANTALYA SERIK BELDELER,ŞİFA ECZANESİ
ANTALYA LARA+AKSU+C.KAYA,SIHHAT ECZANESİ
ANTALYA KUMLUCA,SUDE ECZANESİ
ANTALYA LARA+AKSU+C.KAYA,TUANA ECZANESİ
ANTALYA SERIK BELDELER,TUĞRA ECZANESİ
ANTALYA LARA+AKSU+C.KAYA,VOLKAN ECZANESİ
ANTALYA LARA+AKSU+C.KAYA,YALÇINER ECZANESİ
ANTALYA TOPCULAR,YALI ECZANESİ
ANTALYA YUKSEKALAN,YENİ HAYAT ECZANESİ
ANTALYA YUKSEKALAN,YENİ TUBA ECZANESİ
ANTALYA KEPEZ -2,YEŞİLIRMAK ECZANESİ
ADANA HUZUREVLER+100.YIL,AĞCA ECZANESİ
OSMANIYE MERKEZ -2,AKGÜL ECZANESİ
ADANA KURTULUS,AKTÜRK ECZANESİ
NIGDE MERKEZ -2,ALİ ÖNDER ECZANESİ
OSMANIYE MERKEZ -1,ALİ TAM ECZANESİ
ADANA MAHFESIGMAZ -2,ARDA ECZANESİ
ADANA HUZUREVLER+100.YIL,AŞLAMACI ECZANESİ
ADANA HUZUREVLER+100.YIL,AYÇA ANDAÇ ECZANESİ
HATAY GUNEY ILCELER,AYDIN ECZANESİ
ADANA FATIH+GURSELPASA,BEGOVİÇ ECZANESİ
ADANA HUZUREVLER+100.YIL,BELGİN ECZANESİ
ADANA FATIH+GURSELPASA,BOTANİK ECZANESİ
HATAY ISKENDERUN -5,BÜLENT ECZANESİ
ADANA FATIH+GURSELPASA,BURAK HALAÇ ECZANESİ
ADANA AKINCILAR+KISLA,BURÇAY ECZANESİ
ADANA MAHFESIGMAZ -2,BURCU TOKLU ECZANESİ
GAZIANTEP SAHINBEY - 11,BURDA ECZANESİ
OSMANIYE MERKEZ -3,ÇAĞLAR ECZANESİ
OSMANIYE MERKEZ -2,ÇALIK ECZANESİ
ADANA YUREGIR KUZEY,CEBESOY ECZANESİ
ADANA FATIH+GURSELPASA,ÇOLAKOĞLU ECZANESİ
ADANA FATIH+GURSELPASA,DALKIRAN ECZANESİ
HATAY HARABARASI,DALYAN ECZANESİ
ADANA HUZUREVLER+100.YIL,DENİZ ECZANESİ
ADANA HUZUREVLER+100.YIL,ECE ECZANESİ
ADANA HUZUREVLER+100.YIL,EGE ECZANESİ
ADANA HUZUREVLER+100.YIL,ELİF ALATAŞ ECZANESİ
NIGDE BOR,ERAT ECZANESİ
ADANA NARLICA+FEVZIPASA,FATİH EREN ECZANESİ
ADANA HUZUREVLER+100.YIL,FEYZA ECZANESİ
ADANA HUZUREVLER+100.YIL,FİLAZİ ECZANESİ
ADANA HUZUREVLER+100.YIL,GÜNSER ECZANESİ
ADANA HUZUREVLER+100.YIL,GÜRKAN ÖZTÜRK ECZANESİ
ADANA FATIH+GURSELPASA,GÜZİDE ECZANESİ
OSMANIYE MERKEZ -3,HAYAT ECZANESİ
ADANA MAHFESIGMAZ -2,HÜLYA TOTİK ECZANESİ
ADANA FATIH+GURSELPASA,KARAKAYA ECZANESİ
OSMANIYE MERKEZ -2,KESKİN ECZANESİ
HATAY DORTYOL,LİMON ECZANESİ
ADANA MAHFESIGMAZ -2,MAHFESIĞMAZ ECZANESİ
OSMANIYE MERKEZ -3,MERKEZ ECZANESİ
ADANA HUZUREVLER+100.YIL,MERMERLER ECZANESİ
ADANA KURTULUS,MERT ÖZKURT ECZANESİ
ADANA MAHFESIGMAZ -2,NESRİN YILMAZ ECZANESİ
ADANA MAHFESIGMAZ -2,ÖZDEŞ ECZANESİ
ADANA KUZEY ILCELER,ÖZTÜRK ECZANESİ
NIGDE MERKEZ -2,ÖZTÜRK ECZANESİ
HATAY ISKENDERUN -4,PEHLİVAN ECZANESİ
ADANA HUZUREVLER+100.YIL,PELIT ECZANESİ
ADANA FATIH+GURSELPASA,SEDA ECZANESİ
ADANA HUZUREVLER+100.YIL,SEDA OLCAR ECZANESİ
NIGDE MERKEZ -2,TURGAY ECZANESİ
ADANA FATIH+GURSELPASA,UÇAR ECZANESİ
NIGDE MERKEZ -2,UFUK ECZANESİ
HATAY ISKENDERUN -4,VİTAMİN ECZANESİ
ADANA MAHFESIGMAZ -2,YARÇEM ECZANESİ
ADANA MAHFESIGMAZ -1,YAŞAM ECZANESİ
HATAY DORTYOL,YEŞİLKÖY ECZANESI
ADANA FATIH+GURSELPASA,YILDIZ ECZANESİ
ADANA HUZUREVLER+100.YIL,ZEYNEP ECZANESİ
AYDIN DIDIM,AKBÜK ECZANESİ
AYDIN MERKEZ - 2,AKSOY ECZANESİ
MALATYA BATI ILCELER,ALTINKUM ECZANESİ
AYDIN DIDIM,ARAL ECZANESİ
DENIZLI MERKEZ - 5,ARCA ECZANESİ
DENIZLI MERKEZ - 4,ASLI ECZANESİ
AYDIN MERKEZ - 5,ATASOY ECZANESİ
DENIZLI MERKEZ - 3,AYDURAN ECZANESİ
DENIZLI MERKEZ - 9,AYLİN ECZANESİ
AYDIN KUSADASI -1,AYSUN ECZANESİ
AYDIN KUSADASI -1,BAHAR ECZANESİ
DENIZLI MERKEZ - 4,BERGAMA ECZANESİ
AYDIN KUSADASI -2,BİLGE KAĞAN ECZANESİ
AYDIN DIDIM,ÇILGA ECZANESİ
DENIZLI MERKEZ - 7,ÇİNE ECZANESİ
AYDIN KUSADASI -2,DEMETER ECZANESİ
AYDIN KUSADASI -2,DERYA ECZANESİ
AYDIN MERKEZ - 1,DOĞA ECZANESİ
AYDIN MERKEZ - 6,DORUK ECZANESİ
AYDIN SOKE -2,ECE ECZANESİ
AYDIN KUSADASI -2,EKİN ECZANESİ
DENIZLI MERKEZ - 9,ELİF PAMUKÇU ECZANESİ
DENIZLI MERKEZ - 9,ELVAN ECZANESİ
AYDIN MERKEZ - 1,ESİN ECZANESİ
AYDIN MERKEZ - 3,EŞİYOK ECZANESİ
DENIZLI MERKEZ - 9,FORUM ÇAMLIK ECZANESİ
AYDIN KUSADASI -1,GAZİ BEĞENDİ ECZANESİ
DENIZLI MERKEZ - 9,GÖRKEM ECZANESİ
DENIZLI MERKEZ - 1,HASİBE KARTOĞLAN ECZANESİ
AYDIN MERKEZ - 1,HİSAR ECZANESİ
AYDIN KUSADASI -2,İLKAY ECZANESİ
AYDIN DIDIM,İNCİ ECZANESİ
AYDIN MERKEZ - 6,MENTEŞ ECZANESİ
DENIZLI MERKEZ - 9,MERVE YAMUÇ ECZANESİ
AYDIN DIDIM,NATUREL ECZANESİ
AYDIN KUSADASI -2,OKYANUS ECZANESİ
AYDIN DIDIM,ONUR ECZANESİ
DENIZLI KUZEYBATI ILCELE,ÖZAKIN ECZANESİ
DENIZLI MERKEZ - 10,ÖZER ECZANESİ
AYDIN KUSADASI -2,PAKER ECZANESİ
AYDIN KUSADASI -2,PAMUKKALE ECZANESİ
AYDIN KOCARLI+KARPUZLU,SAĞLIK ECZANESİ
AYDIN MERKEZ - 1,ŞAHİNCİ ECZANESİ
AYDIN KUSADASI -1,SAMYELİ ECZANESİ
AYDIN MERKEZ - 6,SERÇİN ECZANESİ
DENIZLI MERKEZ - 3,SEVİL ECZANESİ
AYDIN MERKEZ - 6,SIHHAT ECZANESİ
DENIZLI MERKEZ - 7,TUBA ECZANESİ
AYDIN KUSADASI -2,TÜLİN ECZANESİ
DENIZLI MERKEZ - 4,TURAN ECZANESİ
DENIZLI MERKEZ - 4,TURUNÇ ECZANESİ
AYDIN SOKE -2,TURUNCU ECZANESİ
AYDIN KUSADASI -2,ULUÇAY ECZANESİ
AYDIN KUSADASI -2,ULUSOY ECZANESİ
AYDIN DIDIM,ÜNLÜ ECZANESİ
AYDIN NAZILLI -2,UTKU ECZANESİ
DENIZLI MERKEZ - 10,UZMAN ECZANESİ
AYDIN SOKE -2,YENİKENT ECZANESİ
AYDIN SOKE -2,YONCA ECZANESİ
DENIZLI MERKEZ - 6,ŞİFA ECZANESİ
ISPARTA MERKEZ-3,AKBAŞ ECZANESİ
ISPARTA MERKEZ-3,AKDENİZ ECZANESİ
ANTALYA KONYAALTI,AKINCI ECZANESİ
ANTALYA KONYAALTI,ALPSOY ECZANESİ
ANTALYA KONYAALTI,ALTINKUM ECZANESİ
ANTALYA KONYAALTI,ANTALYA MODERN ECZANESİ
ANTALYA KONYAALTI,ARAPSUYU ECZANESİ
ANTALYA KONYAALTI,ATILGAN ECZANESİ
ANTALYA KONYAALTI,AVKAN ECZANESİ
ANTALYA KONYAALTI,AYLİN ECZANESİ
ANTALYA KONYAALTI,BADE ECZANESİ
ANTALYA KONYAALTI,BAL ECZANESİ
ANTALYA KONYAALTI,BIÇAKCI ECZANESİ
ANTALYA SOGUKSU,BURDUR ECZANESİ
ANTALYA KEMER,ÇAĞLA ECZANESİ
ANTALYA KEMER,ÇAMYUVA ECZANESİ
ANTALYA KEMER,CAN TUFAN ECZANESİ
ANTALYA KEMER,CAVUSOGLU ECZANESI
ANTALYA KORKUTELI,CELAL KOÇ ECZANESİ
ANTALYA KULTUR+AHATLI,CENGİZ ECZANESİ
ANTALYA KORKUTELI,CENNET ECZANESİ
ANTALYA ELMALI+BALBEY,DEMET ECZANESİ
ANTALYA KONYAALTI,DENİZ PARK ECZANESİ
ANTALYA KONYAALTI,DURU ECZANESİ
ANTALYA KORKUTELI,ECE ECZANESİ
ANTALYA KONYAALTI,EGE BORA ECZANESİ
ANTALYA KEMER,ELİN ECZANESİ
ANTALYA KEMER,EMPATİ ECZANESİ
ANTALYA KULTUR+AHATLI,ERDOĞAN ECZANESİ
ISPARTA MERKEZ-3,EZGİ ECZANESİ
ANTALYA KEMER,FALEZ ECZANESİ
ISPARTA MERKEZ-3,FATİH ECZANESİ
ISPARTA MERKEZ-3,GÜLİSTAN ECZANESİ
ANTALYA KEMER,GÜRDAĞ ECZANESİ
ANTALYA KONYAALTI,GÜZEL ECZANESİ
İNAKTİF,HAYAT ECZANESİ
ANTALYA KONYAALTI,İKİZ ECZANESİ
ANTALYA ELMALI+BALBEY,KARAMANLI ECZANESİ
ISPARTA MERKEZ-3,KARDELEN ECZANESİ
ANTALYA KONYAALTI,KONYAALTI RÜZGAR ECZANESİ
ANTALYA KORKUTELI,KORKUTELİ MERKEZ ECZANESİ
ANTALYA KONYAALTI,LİMAN ECZANESİ
ANTALYA KEMER,MAVİDENİZ ECZANESİ
ISPARTA MERKEZ-2,MEYDAN 1411 ECZANESİ
ANTALYA ELMALI+BALBEY,MUJGAN ECZANESI
ANTALYA ELMALI+BALBEY,MURATPASA ECZANESI
ANTALYA KONYAALTI,NATURA ECZANESİ
ANTALYA SOGUKSU,OLİMPOS ECZANESİ
ANTALYA KONYAALTI,OSMANBEY ECZANESİ
ANTALYA KONYAALTI,PALMİYE ECZANESİ
ANTALYA KONYAALTI,PELİN ECZANESİ
ANTALYA KEPEZ -2,PEREN ECZANESİ
ISPARTA MERKEZ-3,SELCAN ECZANESİ
ANTALYA KONYAALTI,SUN ECZANESİ
ANTALYA KONYAALTI,TALYA SU ECZANESİ
ISPARTA MERKEZ-3,TEKELI ECZANESI
ANTALYA KONYAALTI,UNCALI EBRU ECZANESİ
ANTALYA KEMER,YENİ LİMAN ECZANESİ
ISPARTA MERKEZ-3,YILDIZ ECZANESİ
IST MALTEPE SUREYYAPASA,AKGUL ECZANESİ
IST K.BAKKALKOY+Y.SAHRA,AKIN ECZANESİ
IST ICERENKOY -2,ANNEM ECZANESI
IST EMEKEVLER+Y.CAMLICA,ARI ECZANESİ
IST ATATURK+KAYISDAGI,ATA ECZANESİ
IST ATATURK+KAYISDAGI,ATASEHIR BULVAR ECZANESİ
IST K.BAKKALKOY+Y.SAHRA,ATASEHIR DENIZ ECZANESİ
IST K.BAKKALKOY+Y.SAHRA,ATASEHIR ELIT ECZANESİ
IST K.BAKKALKOY+Y.SAHRA,ATASEHIR PLUS ECZANESİ
IST ATATURK+KAYISDAGI,ATATURK BULVAR ECZANESİ
IST MALTEPE -1,AYSEM ECZANESİ
IST CIRPICI+VELIEFENDI,AZRA ECZANESİ
IST ICERENKOY -1,BIZIM ECZANESİ
IST K.BAKKALKOY+Y.SAHRA,BRANDIUM ECZANESİ
IST K.BAKKALKOY+Y.SAHRA,BULVAR 216 ECZANESİ
IST MALTEPE -3,CUMHURIYET ECZANESİ
IST ICERENKOY -2,DEFNE ECZANESİ
KONYA SELCUKLU - 2,DEVA ECZANESİ
IST SALACAK+SEMSI PASA,DURAK ECZANESİ
IST KUCUKYALI,EMEK ECZANESİ
IST K.BAKKALKOY+Y.SAHRA,EN ELEGANCE ECZANESİ
IST MALTEPE SUREYYAPASA,ENDEROGLU ECZANESİ
IST ATATURK+KAYISDAGI,EVLIYAOGLU ECZANESİ
IST ICERENKOY -2,FATIH ECZANESİ
IST MALTEPE -3,FATOS ECZANESİ
IST K.BAKKALKOY+Y.SAHRA,FINANSKENT ECZANESİ
IST HASANPASA + DORTYOL,FİTO ECZANESİ
IST K.BAKKALKOY+Y.SAHRA,FLORA ECZANESİ
IST MALTEPE SUREYYAPASA,FUAYE ECZANESİ
IST K.BAKKALKOY+Y.SAHRA,GAZI ECZANESİ
IST IDEALTEPE,GÜLAY ÖNER
IST MALTEPE SUREYYAPASA,GUVEN ECZANESİ
IST ATATURK+KAYISDAGI,ISTANBUL ECZANESİ
IST PENDIK KURTKOY,KIRMIZI ECZANESİ
IST HASANPASA + DORTYOL,KOSK ECZANESİ
IST ALTINTEPE,KUCUKYALI ELIF ECZANESİ
IST ICERENKOY -2,LALE ECZANESİ
IST K.BAKKALKOY+Y.SAHRA,MAYA ECZANESİ
IST MALTEPE -3,MELIKE ECZANESİ
IST ATATURK+KAYISDAGI,MELISSA ECZANESİ
IST IDEALTEPE,MINA ECZANESİ
IST K.BAKKALKOY+Y.SAHRA,NAR ECZANESİ
IST HASANPASA + DORTYOL,NAUTILUS ECZANESİ
IST IDEALTEPE,NIDA CADDE ECZANESİ
IST MALTEPE SUREYYAPASA,NISH ECZANESİ
IST K.BAKKALKOY+Y.SAHRA,OMUR ECZANESİ
IST MALTEPE -3,ORKIDE ECZANESİ
IST K.BAKKALKOY+Y.SAHRA,PALLADIUM ECZANESİ
IST ATATURK+KAYISDAGI,POLEN ECZANESİ
IST BOSTANCI -2,SEVDE ECZANESİ
IST MALTEPE -4,SEZGIN ECZANESİ
IST MALTEPE -3,SIFA ECZANESİ
IST ATATURK+KAYISDAGI,TONBA ECZANESİ
IST ATATURK+KAYISDAGI,TUBA ARABACIOGLU ECZANESİ
IST EMEKEVLER+Y.CAMLICA,UMUT ECZANESİ
IST BOSTANCI -1,VANILYA ECZANESİ
IST K.BAKKALKOY+Y.SAHRA,VITAMIN ECZANESİ
IST K.BAKKALKOY+Y.SAHRA,WATERGARDEN ECZANESİ
IST K.BAKKALKOY+Y.SAHRA,YENI ANDROMEDA ECZANESİ
IST MALTEPE SUREYYAPASA,YENI SIFA ECZANESİ
IST PASABAHCE+BEYKOZ,ACARKENT TUBA ECZANESİ
IST USKUDAR ACIBADEM,AKASYA ECZANESİ
IST BULGURLU+CUMHURIYET,AKCA ECZANESİ
IST GUZELYALI+KAYNARCA,AKIF TOPRAK ECZANESİ
IST KANLICA+KAVACIK,ALPHAN ECZANESİ
IST KANLICA+KAVACIK,ASENA ECZANESİ
IST ALTUNIZADE,BURCU ECZANESİ
IST KANLICA+KAVACIK,BUSE ECZANESİ
IST PENDIK CAMCESME,BUYUK ECZANESİ
IST KANLICA+KAVACIK,CAGLA ECZANESİ
IST BEYLERBEYI+KUPLUCE,CAMLICA MEYDAN ECZANESİ
IST ALTUNIZADE,CAPITOL ECZANESİ
IST BEYLERBEYI+KUPLUCE,CENGELKOY ECZANESİ
IST ALTUNIZADE,CEVHER ECZANESİ
IST BULGURLU+CUMHURIYET,CEYDA ECZANESİ
IST ZEYNEPKAMIL,COMOGLU ECZANESİ
IST USKUDAR ACIBADEM,DEDEM ECZANESİ
IST KANLICA+KAVACIK,DORTYOL ECZANESİ
IST ACIBADEM + KOSUYOLU,ELYSIUM ELIT ECZANESİ
IST KANLICA+KAVACIK,ERSAVAŞ ECZANESİ
IST KANLICA+KAVACIK,ESRA ECZANESİ
IST BEYLERBEYI+KUPLUCE,FUSUN SIFA ECZANESİ
IST ACIBADEM + KOSUYOLU,GAMZE ECZANESİ
IST KANLICA+KAVACIK,GOKSU ECZANESİ
IST KANLICA+KAVACIK,GULAY ECZANESİ
IST SILE+AGVA+OMERLI,GUNES GOREN ECZANESİ
IST HAREM+SELIMIYE,HAKAN ECZANESİ
IST BULGURLU+CUMHURIYET,HEKIMOGLU ECZANESİ
IST SILE+AGVA+OMERLI,IPEK ECZANESİ
IST BEYLERBEYI+KUPLUCE,KANDILLI AYSE ECZANESİ
IST ZEYNEPKAMIL,KARADENIZ ECZANESİ
IST KANLICA+KAVACIK,KAYA ECZANESİ
IST SALACAK+SEMSI PASA,KIBRIS ECZANESİ
IST ICADIYE+KUZGUNCUK,KUZGUNCUK ECZANESİ
IST KISIKLI+YAVUZTURK,LEYLA ECZANESİ
IST SALACAK+SEMSI PASA,MIMAR SINAN ECZANESİ
IST BULGURLU+CUMHURIYET,NAMAZGAH ECZANESİ
IST KISIKLI+YAVUZTURK,NATO ECZANESİ
IST USKUDAR MERKEZ,NEVCARSI ECZANESİ
IST FETIH+UNALAN,ODAK ECZANESİ
IST HAREM+SELIMIYE,ORDU ECZANESİ
IST SILE+AGVA+OMERLI,ORNEK ECZANESİ
IST PASABAHCE+BEYKOZ,OZLEM ECZANESİ
IST ALTUNIZADE,OZLEM ECZANESİ
IST KANLICA+KAVACIK,POYRAZ ECZANESİ
IST BEYLERBEYI+KUPLUCE,RASATHANE GIZEM ECZANESİ
IST KISIKLI+YAVUZTURK,RÜVEYDA ECZANESİ
IST ACIBADEM + KOSUYOLU,SANCAK ECZANESİ
IST PASABAHCE+BEYKOZ,SERAP ECZANESİ
IST ZEYNEPKAMIL,SEZGIN ECZANESİ
IST BEYLERBEYI+KUPLUCE,SINEM ECZANESİ
IST PASABAHCE+BEYKOZ,SIVE ECZANESİ
IST ICADIYE+KUZGUNCUK,TASHAN ECZANESİ
IST BULGURLU+CUMHURIYET,TAYFUN ECZANESİ
IST ACIBADEM + KOSUYOLU,VALIDEBAG ECZANESİ
IST KANLICA+KAVACIK,VILDAN ECZANESİ
IST PASABAHCE+BEYKOZ,YALI ECZANESİ
IST USKUDAR MERKEZ,YELDA ECZANESİ
IST KISIKLI+YAVUZTURK,YESIM ECZANESİ
IST KISIKLI+YAVUZTURK,ZAMBAK ECZANESİ
IST TUZLA ISTASYON,ACAR ECZANESİ
IST KARTAL YAKACIK,ACAR ECZANESİ
IST TUZLA ICMELER,ALAADDIN ECZANESİ
IST RAHMANLAR+PETROLIS,ALACAYIR ECZANESİ
IST TUZLA ICMELER,ANADOLU ECZANESİ
IST SAMANDIRA+HASAN PASA,ATLAS PLUS ECZANESİ
IST TOPSELVI+KARLIKTEPE,AVRUPA PLUS ECZANESİ
IST CEVIZLI -1,AYBERK ECZANESİ
IST TUZLA ICMELER,AYDINLI ECZANESİ
IST SULTANBEYLI MERKEZ,AYSE SENEM ECZANESİ
IST CEVIZLI -1,BANDIRMA ECZANESİ
IST TUZLA ISTASYON,BARBAROS ECZANESİ
IST KARTAL YAKACIK,BARIS ECZANESİ
IST TUZLA ICMELER,BELKIS ECZANESİ
IST TUZLA ISTASYON,BIGEM ECZANESİ
IST TUZLA ISTASYON,BILGE ECZANESİ
IST TUZLA ICMELER,BURCU ECZANESİ
IST TUZLA ICMELER,BUSRA  ECZANESİ
IST TUZLA ICMELER,CADDE OZLEM ECZANESİ
IST RAHMANLAR+PETROLIS,CARSI ECZANESİ
IST TUZLA ICMELER,CEMRE ECZANESI
IST TUZLA ISTASYON,CICEKCILER ECZANESİ
IST ESENKENT+FERHATPASA,EFSANE ECZANESİ
IST TUZLA ICMELER,EGEM ECZANESİ
IST DRAGOS+ORHANTEPE,EKIM ECZANESİ
IST TOPSELVI+KARLIKTEPE,FERDA ECZANESİ
IST SAMANDIRA+HASAN PASA,FORMUL ECZANESİ
IST TUZLA ISTASYON,GÜNEŞ ECZANESİ
IST TUZLA ISTASYON,HALK ECZANESİ
IST TUZLA ICMELER,HAZAL ECZANESİ
IST TUZLA ISTASYON,ILHAN ECZANESİ
IST SAMANDIRA+HASAN PASA,ISIK ECZANESİ
IST TOPSELVI+KARLIKTEPE,ISTMARINA ECZANESİ
IST TUZLA ISTASYON,KARDELEN ECZANESİ
IST TUZLA ISTASYON,LAVANTA ECZANESI
IST SULTANBEYLI MERKEZ,LEYLA ECZANESİ
IST TUZLA ISTASYON,LOTUS ECZANESİ
IST CEVIZLI -1,MARIN ECZANESİ
IST TUZLA ICMELER,MASAL ECZANESİ
IST RAHMANLAR+PETROLIS,MAXIMUM ECZANESİ
IST TUZLA ISTASYON,MERCAN ECZANESI
IST TUZLA ISTASYON,METRO ECZANESİ
IST CEVIZLI -1,NEFES ECZANESİ
IST TUZLA ICMELER,ORHANLI ECZANESİ
IST TUZLA ICMELER,ORTA ECZANESİ
IST TUZLA ISTASYON,PAPATYA ECZANESİ
IST CEVIZLI -1,PIAZZA YASAM ECZANESİ
IST TUZLA ICMELER,PLUS ECZANESİ
IST SAMANDIRA+HASAN PASA,RINGS ECZANESI
IST CEVIZLI -1,RITIM ECZANESİ
IST SAMANDIRA+HASAN PASA,SARMASIK ECZANESİ
IST SULTANBEYLI MERKEZ,SULTANBEYLI ECZANESİ
IST DRAGOS+ORHANTEPE,TAMIRHANE ECZANESİ
IST GUZELYALI+KAYNARCA,TOLGA ECZANESİ
KOCAELI GEBZE -4,TUZLA PORT ECZANESİ
IST TUZLA ISTASYON,VIA MARIN ECZANESİ
IST TUZLA ISTASYON,YASAM ECZANESİ
IST RAHMANLAR+PETROLIS,YAZICI 1988 ECZANESİ
IST TUZLA ISTASYON,YELKEN ECZANESİ
ORDU UNYE,TIYALOGLU ECZANESI
SAMSUN ATAKUM,ATAKUM PARK ECZANESI
SAMSUN TERME,KANDAZ ECZANESI
SAMSUN BAFRA,AYDIN ECZANESI
ORDU MERKEZ -3,GUNAYDIN ECZANESI
ORDU FATSA,BAYSU ECZANESI
SAMSUN ILKADIM - 2,LIVA ECZANESI
SAMSUN ATAKENT+19 MAYIS,AYSE ABACI ECZANESI
SAMSUN ADALET,EFE ECZANESI
SAMSUN ADALET,DEMIRKOL ECZANESI
SAMSUN ATAKUM,BEGUM ECZANESI
ORDU BATI ILCELER,ISTIKLAL ECZANESI
SAMSUN ATAKENT+19 MAYIS,KAMALI ECZANESI
SAMSUN ATAKENT+19 MAYIS,UNAL ECZANESI
SAMSUN BAHCELIEVLER,DILA ECZANESI
SAMSUN HURRIYET+ZAFER,YENI LISE ECZANESI
SAMSUN ADALET,REIS ECZANESI
SAMSUN ILKADIM - 2,EDA ECZANESI
SAMSUN CANIK,PIAZZA ECZANESI
SAMSUN ADALET,ATAKAN BEY ECZANESI
SAMSUN ADALET,MURAT ECZANESI
ORDU MERKEZ -3,GULER ECZANESI
SAMSUN ATAKENT+19 MAYIS,TUFEKCI ECZANESI
SAMSUN HAVZA+KAVAK+LADIK,CITYMALL ECZANESI
SAMSUN RASATHANE,ARASTIRMA ECZANESI
SAMSUN ATAKUM,LIMAN ECZANESI
SAMSUN ILKADIM - 2,ESRA ECZANESI
ORDU MERKEZ -3,KARSIYAKA ECZANESI
SAMSUN ATAKENT+19 MAYIS,SINEM ECZANESI
SAMSUN ATAKENT+19 MAYIS,BATUR ECZANESI
SAMSUN BAHCELIEVLER,PETEK ECZANESI
SAMSUN BAHCELIEVLER,ELIF ECZANESI
ORDU MERKEZ -3,GUZELBILEN ECZANESI
ORDU MERKEZ -3,ARDA ECZANESI
SAMSUN ATAKUM,MIMAR SINAN ECZANESI
SAMSUN ATAKENT+19 MAYIS,CIGDEM ECZANESI
ORDU MERKEZ -2,ASYA ECZANESI
ORDU MERKEZ -3,NUR ECZANESI
ORDU MERKEZ -3,NILUFER ECZANESI
SAMSUN HURRIYET+ZAFER,HAYAT ECZANESI
SAMSUN ATAKUM,UMUT ECZANESI
SAMSUN ATAKUM,CAKIR ECZANESI
SAMSUN ILKADIM - 2,KALKANCA ECZANESI
SAMSUN ULUGAZI,PINAR ECZANESI
SAMSUN ADALET,DERMAN ECZANESI
SAMSUN DOGU ILCELER - 2,KAVAKDIBI ECZANESI
ORDU MERKEZ -3,KALPAKLIOGLU ECZANESI
SAMSUN BAHCELIEVLER,ORKIDE ORAN ECZANESI
SAMSUN ATAKUM,ECEM ECZANESI
SAMSUN DOGU ILCELER - 2,CARSAMBA ECZANESI
SAMSUN ATAKUM,ORGANIK ECZANESI
SAMSUN ATAKUM,AYKANAT ECZANESI
SAMSUN ATAKUM,GUMUS ECZANESI
SAMSUN DOGU ILCELER - 2,ECE KOCER ECZANESI
SAMSUN ATAKUM,TAHA ECZANESI
ORDU MERKEZ -2,TULIN ECZANESI
ORDU UNYE,NEFES ECZANESİ
ORDU MERKEZ -1,SERDAROĞLU ECZANESİ
ORDU MERKEZ -1,ŞİMŞEK ECZANESİ
IST KARTAL SOGANLIK,ADA ECZANESİ
IST KARTAL SOGANLIK,AKIN ECZANESİ
IST KARTAL YAKACIK,ANATOLIUM ECZANESİ
IST PENDIK KURTKOY,ATLANTIS ECZANESİ
IST PENDIK KURTKOY,AYLIN ECZANESİ
IST KARTAL SOGANLIK,AZRA ECZANESİ
IST PENDIK CAMCESME,BETUL ECZANESİ
IST PENDIK BAHCELIEVLER,BULVAR ECZANESİ
IST PENDIK KURTKOY,BUSRA ECZANESİ
IST PENDIK KURTKOY,CAMLIK ECZANESİ
IST PENDIK CAMCESME,DIVAN ECZANESİ
IST GUZELYALI+KAYNARCA,EMIRBEY ECZANESİ
IST PENDIK KURTKOY,FATIH ECZANESİ
IST PENDIK KURTKOY,FULYA ECZANESİ
IST PENDIK BAHCELIEVLER,GOKCE ECZANESİ
IST PENDIK ESENYALI,GOKSEN ECZANESİ
IST PENDIK ORTA,GOZDAGI ECZANESİ
IST PENDIK KURTKOY,GUNEBAKAN ECZANESİ
IST GUZELYALI+KAYNARCA,GUZELYALI ECZANESİ
IST PENDIK CAMCESME,HACETTEPE ECZANESİ
IST PENDIK KURTKOY,HIZMET ECZANESİ
IST KARTAL SOGANLIK,IHLAMUR ECZANESİ
IST PENDIK CAMCESME,IHLAMUR ECZANESİ
IST PENDIK ORTA,ILKCAN ECZANESİ
IST KARTAL SOGANLIK,İSTANBUL ECZANESİ
IST PENDIK ESENYALI,KAVAK ECZANESİ
IST PENDIK ORTA,KAYA ECZANESİ
IST PENDIK KURTKOY,KEREM ECZANESİ
IST PENDIK ORTA,KIR ECZANESİ
IST A.DUDULLU+CEKMEKOY,LENS ISTANBUL ECZANESİ
IST PENDIK KURTKOY,LOTUS ECZANESİ
IST GUZELYALI+KAYNARCA,MARTI ECZANESİ
IST PENDIK KURTKOY,MAVI ECZANESİ
IST KARTAL SOGANLIK,MERCAN ECZANESI
IST PENDIK KURTKOY,MERKEZ ÇARŞI ECZANESİ
IST GUZELYALI+KAYNARCA,NADIR ECZANESİ
IST PENDIK KURTKOY,NESLIHAN EROL ECZANESİ
IST PENDIK CAMCESME,NEVA ECZANESİ
IST PENDIK KURTKOY,NIHALIN ECZANESİ
IST PENDIK KURTKOY,ONEM ECZANESİ
IST PENDIK KURTKOY,OZKAN ECZANESİ
IST PENDIK KURTKOY,PEKOZ ECZANESİ
IST PENDIK MERKEZ,PENDIK ECZANESİ
IST PENDIK KURTKOY,PLATIN ECZANESİ
IST PENDIK KURTKOY,POLEN ECZANESİ
IST PENDIK BAHCELIEVLER,SANCAK ECZANESİ
IST PENDIK BAHCELIEVLER,SAPANBAGLARI ECZANESİ
IST PENDIK KURTKOY,SECKIN ECZANESİ
IST GUZELYALI+KAYNARCA,SEZER ECZANESİ
IST PENDIK CAMCESME,SIRIN ECZANESİ
IST PENDIK ORTA,SÜHA ECZANESİ
IST PENDIK BAHCELIEVLER,SUREYYAPASA ECZANESİ
IST GUZELYALI+KAYNARCA,TOPRAK ECZANESİ
IST PENDIK BATI,USTUN ECZANESİ
IST PENDIK CAMCESME,UYGUN ECZANESİ
IST PENDIK KURTKOY,VIAPORT ECZANESİ
IST PENDIK KURTKOY,YEDITEPE ECZANESİ
IST PENDIK KURTKOY,YENI FLORA ECZANESİ
IST PENDIK KURTKOY,YENISEHIR ECZANESİ
IST PENDIK KURTKOY,YESIL ECZANESİ
IST UMRANIYE ATATURK,3 GUL ECZANESİ
IST UMRANIYE HEKIMBASI,AL ECZANESİ
IST A.DUDULLU+CEKMEKOY,ALIBABA ECZANESİ
IST A.DUDULLU+CEKMEKOY,ALTINSEHIR ECZANESİ
IST A.DUDULLU+CEKMEKOY,ATAMAN ECZANESİ
IST PENDIK ESENYALI,AVRASYA ECZANESİ
IST ATAKENT+ISTIKLAL,AVRUPA ECZANESİ
IST A.DUDULLU+CEKMEKOY,AYKUT ECZANESİ
IST ALEMDAG+SARIGAZI,AYLIN ECZANESİ
IST M.KEMAL+N.KEMAL,BASAK ECZANESİ
IST A.DUDULLU+CEKMEKOY,BESYILDIZ ECZANESİ
KOCAELI GEBZE -3,BONCUK ECZANESİ
IST UMRANIYE CAKMAK,BUYAKA PLUS ECZANESİ
IST UMRANIYE ATATURK,BUYUK ECZANESİ
IST ALEMDAG+SARIGAZI,CADDE ECZANESİ
IST A.DUDULLU+CEKMEKOY,CAMLIK ECZANESİ
IST A.DUDULLU+CEKMEKOY,CEKMEKOY ECZANESİ
IST A.DUDULLU+CEKMEKOY,CINARLI ECZANESİ
IST A.DUDULLU+CEKMEKOY,DEVAL ECZANESİ
IST ALEMDAG+SARIGAZI,DOGA ECZANESİ
IST M.KEMAL+N.KEMAL,DORTYOL DEVA ECZANESİ
IST UMRANIYE CAKMAK,EDANUR ECZANESİ
IST ALEMDAG+SARIGAZI,ELIF NUR ECZANESİ
IST A.DUDULLU+CEKMEKOY,ELIF YAVUZ ECZANESİ
IST A.DUDULLU+CEKMEKOY,ELTES MUGE ECZANESİ
IST A.DUDULLU+CEKMEKOY,ESER ECZANESİ
IST UMRANIYE ATATURK,EXEN ECZANESİ
GIRESUN GUNEY ILCELER,FILIZ ECZANESİ
IST ESATPASA+ORNEK,GUZIN ECZANESİ
IST A.DUDULLU+CEKMEKOY,IDEALIST ECZANESİ
IST A.DUDULLU+CEKMEKOY,ILKSIN ECZANESİ
IST A.DUDULLU+CEKMEKOY,IMES ECZANESİ
IST ALEMDAG+SARIGAZI,ISTANBUL ECZANESİ
IST ALEMDAG+SARIGAZI,KARDELEN ECZANESİ
IST ALEMDAG+SARIGAZI,LAVANTA ECZANESI
IST A.DUDULLU+CEKMEKOY,LOTUS ECZANESİ
IST UMRANIYE CAKMAK,MAVERA ECZANESİ
IST ALEMDAG+SARIGAZI,MENTOL ECZANESİ
IST A.DUDULLU+CEKMEKOY,MIMAR SINAN ECZANESİ
IST UMRANIYE ATATURK,MINERALIM ECZANESİ
IST UMRANIYE HEKIMBASI,MODERN ECZANESİ
IST A.DUDULLU+CEKMEKOY,NESLIHAN ECZANESİ
IST UMRANIYE CAKMAK,OKYANUS ECZANESİ
IST ALEMDAG+SARIGAZI,ONAL ECZANESİ
IST UMRANIYE HEKIMBASI,ORYA PARK ECZANESİ
IST A.DUDULLU+CEKMEKOY,POZITIF ECZANESİ
IST ALEMDAG+SARIGAZI,SAGLIK ECZANESİ
IST ALEMDAG+SARIGAZI,SAGLIK PLUS ECZANESİ
IST UMRANIYE ATATURK,SANTRAL ECZANESİ
IST UMRANIYE ATATURK,SAYGE FILIZ ECZANESİ
IST A.DUDULLU+CEKMEKOY,SEGAH ECZANESİ
IST ALEMDAG+SARIGAZI,SEHIR ECZANESİ
IST UMRANIYE CAKMAK,SOYAK YENISEHIR ECZANESİ
IST ALEMDAG+SARIGAZI,SULTANCIFTLIGI ECZANESİ
IST M.KEMAL+N.KEMAL,SURMELIOGLU ECZANESİ
IST ESATPASA+ORNEK,TAMIRHANE PLUS ECZANESİ
IST ALEMDAG+SARIGAZI,TASDELEN ECZANESİ
IST A.DUDULLU+CEKMEKOY,TATLISU ECZANESİ
IST A.DUDULLU+CEKMEKOY,TOHUM ECZANESİ
IST ALEMDAG+SARIGAZI,YUNUS EMRE ECZANESİ
RIZE MERKEZ,ANADOLU ECZANESİ
TRABZON MERKEZ -3,ARDA ECZANESİ
TRABZON MERKEZ -1,BAKKALOGLU ECZANESİ
RIZE MERKEZ,BEDIR ECZANESİ
GIRESUN MERKEZ -1,BEKTASOGLU ECZANESİ
ORDU DOGU ILCELER,CAGLA ECZANESİ
RIZE MERKEZ,CAKIROGLU ECZANESİ
TRABZON MERKEZ -1,CEVDET ECZANESİ
RIZE MERKEZ,DERMAN ECZANESİ
TRABZON MERKEZ -4,DERYA ECZANESİ
RIZE MERKEZ,DUYGU ECZANESİ
GIRESUN MERKEZ -2,EBRU ECZANESİ
RIZE MERKEZ,ELIF ECZANESİ
RIZE BATI ILCELER,ENGIN ECZANESİ
TRABZON MERKEZ -1,ENIS ECZANESİ
GIRESUN DOGU ILCELER -1,ERAY ECZANESİ
GIRESUN DOGU ILCELER -2,ERBAS ECZANESİ
GIRESUN MERKEZ -2,ERHANLAR ECZANESİ
TRABZON DOGU ILCELER - 2,FEYZA ECZANESİ
GIRESUN MERKEZ -2,GOKCE ECZANESİ
RIZE MERKEZ,GUNDOGDU ECZANESİ
TRABZON MERKEZ -1,GUVEN ECZANESİ
RIZE MERKEZ,HASTANELER ECZANESİ
TRABZON BATI ILCELER - 2,HAYAT ECZANESİ
TRABZON MERKEZ -4,IBNI SINA ECZANESİ
TRABZON MERKEZ -4,IPEKYOLU ECZANESİ
ORDU DOGU ILCELER,IRMAK ECZANESİ
RIZE MERKEZ,KARADENIZ ECZANESİ
GIRESUN MERKEZ -1,KITAPCI ECZANESİ
GIRESUN MERKEZ -2,KURTOGLU ECZANESİ
TRABZON MERKEZ -2,KUZEY ECZANESİ
TRABZON DOGU ILCELER - 2,LOKMAN ECZANESİ
RIZE BATI ILCELER,MERKEZ ECZANESİ
TRABZON MERKEZ -1,MERVE ECZANESİ
GIRESUN MERKEZ -2,MERVE ECZANESİ
TRABZON AKCAABAT,MERVE ECZANESİ
GIRESUN MERKEZ -2,OMUR ECZANESİ
RIZE MERKEZ,ONUR ECZANESİ
TRABZON AKCAABAT,OZNUR ECZANESİ
TRABZON MERKEZ -4,PARK ECZANESİ
TRABZON AKCAABAT,PINAR ECZANESİ
TRABZON AKCAABAT,RABIA ECZANESİ
TRABZON DOGU ILCELER - 2,SEMIH ECZANESİ
RIZE MERKEZ,SERKAN ECZANESİ
TRABZON MERKEZ -1,SEYMA ECZANESİ
RIZE BATI ILCELER,SIFA ECZANESİ
TRABZON MERKEZ -1,SIFA ECZANESİ
GIRESUN BULANCAK+PIRAZIZ,SIFA ECZANESİ
GIRESUN DOGU ILCELER -2,TAHMAZ ECZANESİ
TRABZON MERKEZ -2,TANJANT ECZANESİ
RIZE MERKEZ,TOPCU ECZANESİ
TRABZON MERKEZ -4,TRABZON ECZANESİ
GIRESUN MERKEZ -2,TUGBA ECZANESİ
RIZE MERKEZ,USTA ECZANESİ
TRABZON MERKEZ -4,YAZICI ECZANESİ
GIRESUN MERKEZ -2,YESIM ECZANESİ
TRABZON MERKEZ -4,ZAFER ECZANESİ
TRABZON MERKEZ -4,ZEYNEP GOKTAS ECZANESİ
TRABZON MERKEZ -3,DEFNE ECZANESİ
SAKARYA SAPANCA,19 MAYIS ECZANESİ
IST GOZTEPE -1,AKSU ECZANESİ
IST CADDEBOSTAN,AQUA ECZANESİ
IST KOZYATAGI -1,ARZU ECZANESİ
IST FENERYOLU+ZUHTUPASA,ASIL ECZANESİ
IST MERDIVENKOY -1,AYBUKE IREM ECZANESİ
IST KADIKOY OSMANAGA -2,AYSE LERZAN ECZANESİ
IST ALEMDAG+SARIGAZI,BAGDAT SEDA ECZANESİ
IST KOZYATAGI -1,BILEN ECZANESİ
IST GOZTEPE -1,BIZIM EVIN ECZANESİ
IST KUCUKYALI,CADDE 360 ECZANESİ
IST GOZTEPE -2,CADDE SAGLIK ECZANESİ
KONYA MERAM - 1,CADDEBOSTAN PLUS ECZANESİ
IST KADIKOY OSMANAGA -2,CARSI ZIRHLIOGLU ECZANESİ
ANTALYA ALANYA -1,DAMLATAS ECZANESİ
IST SUADIYE -2,DEFNE ECZANESİ
IST FENERYOLU+ZUHTUPASA,ECE BAYRAM ECZANESİ
IST FENERBAHCE,ECEM RAMIZ ECZANESİ
IST GOZTEPE -2,ELIT ECZANESİ
IST FENERBAHCE,FENERBAHCE BEYAZ ECZANE
IST FENERYOLU+ZUHTUPASA,FENERYOLU ECZANESİ
IST CADDEBOSTAN,GAYE ECZANESİ
IST ERENKOY -1,HEKIMOGLU ECZANESİ
IST KOZYATAGI -1,INTEPE ECZANESİ
IST FENERYOLU+ZUHTUPASA,IRMAK ECZANESİ
IST KADIKOY CAFERAGA -2,KADIKOY CARSI ECZANESİ
IST SUADIYE -1,KALYON ECZANESİ
IST KADIKOY 19MAYIS-1,KELEBEK ECZANESİ
IST FIKIRTEPE,KENT ECZANESİ
IST KOZYATAGI -2,KOZYATAGI ECZANESİ
IST FENERYOLU+ZUHTUPASA,LACIVERT ECZANESİ
IST ALEMDAG+SARIGAZI,LAGUN ECZANESİ
IST FIKIRTEPE,LOTUS ECZANESİ
IST FIKIRTEPE,MANDARIN ECZANESİ
IST FENERBAHCE,MELIS ALTINKAYA ECZANESİ
IST ERENKOY -1,MISRA KAN ECZANESİ
IST KADIKOY CAFERAGA -3,MODA ZIRHLIOGLU ECZANESİ
IST FENERYOLU+ZUHTUPASA,NAR AGACI ECZANESİ
IZM YENISEHIR -1,NUR KARATAS ECZANESİ
IST GOZTEPE -1,PAMUK ECZANESİ
IST SUADIYE -2,PARS ECZANESİ
HAKKARI,PELIKAN ECZANESİ
IST KOZYATAGI -1,PINAR ECZANESİ
IST ERENKOY -1,SAFRANBOLU ECZANESİ
IST FENERBAHCE,SAHIL ECZANESİ
IST SAHRAY-I CEDID,SAHRA ECZANESİ
IST FIKIRTEPE,SARACOGLU ECZANESİ
IST CADDEBOSTAN,SU ECZANESİ
IST SUADIYE -1,SU SUADIYE ECZANESİ
IST SUADIYE -2,SUADIYE CAGLA ECZANESİ
IST SUADIYE -1,SUADIYE ECZANESİ
IST GOZTEPE -2,TANYER ECZANESİ
IST CADDEBOSTAN,TERECE ECZANESİ
IST SUADIYE -2,TIMSAL ECZANESİ
IST MERDIVENKOY -1,TOPRAK ECZANESİ
IST SUADIYE -2,VITAL ECZANESİ
IST KOZYATAGI -1,YENI DILEK ECZANESİ
KOCAELI DARICA+B.OGLU,ALP ECZANESİ
KOCAELI GEBZE -1,ALTINSOY ECZANESİ
KOCAELI DERINCE -1,ANADOLU ECZANESİ
KOCAELI BEKIRPASA,ARASTA PARK ECZANESİ
KOCAELI DARICA+B.OGLU,AŞIROĞLU ECZANESİ
IST FETIH+UNALAN,BAĞÇEŞME PLUS ECZAESİ
KOCAELI SANAYI+BELDELER,BALLI ÇİÇEK ECZANESİ
KOCAELI SANAYI+BELDELER,BAŞİSKELE ECZANESİ
KOCAELI SANAYI+BELDELER,BELİZ EREN ECZANESİ
KOCAELI SANAYI+BELDELER,BERRA ECZANESİ
KOCAELI GEBZE -4,CADDE ECZANESİ
KOCAELI KORFEZ,CADDE ECZANESİ
KOCAELI SANAYI+BELDELER,ÇAĞLA ECZANESİ
KOCAELI SANAYI+BELDELER,ÇAĞRI ECZANESİ
KOCAELI OMERAGA,ÇOKAN ECZANESİ
KOCAELI DARICA+B.OGLU,DARICA LEYLA ECZANESİ
KOCAELI SANAYI+BELDELER,DEFNE ECZANESİ
KOCAELI BEKIRPASA,DENİZ ECZANESİ
KOCAELI GOLCUK,DENİZ ECZANESİ
KOCAELI GOLCUK,DERMAN ECZANESİ
KOCAELI KORFEZ,DONANMA ECZANESİ
KOCAELI SANAYI+BELDELER,EDA ECZANESİ
KOCAELI SANAYI+BELDELER,ELÇİN ECZANESİ
KOCAELI GEBZE -3,EMRE FATİH ECZANESİ
KOCAELI OMERAGA,EREM ECZANESİ
KOCAELI BEKIRPASA,ESİN ECZANESİ
KOCAELI GOLCUK,EYLÜL ECZANESİ
KOCAELI GEBZE -4,EZGİ ECZANESİ
KOCAELI SARAYBAHCE BATI,FATİH ECZANESİ
KOCAELI SANAYI+BELDELER,FİDAN ECZANESİ
KOCAELI GEBZE -4,FUNDA ECZANESİ
KOCAELI GOLCUK,GAYE ECZANESİ
KOCAELI BEKIRPASA,GİZEM ECZANESİ
KOCAELI GEBZE -2,GÖKHAN ECZANESİ
KOCAELI BEKIRPASA,GÜMÜŞ ECZANESİ
KOCAELI GEBZE -4,GÜZELTEPE ECZANESİ
KOCAELI KANDIRA+BELDELER,HACETTEPE ECZANESI
KOCAELI KORFEZ,HAYAT ECZANESİ
KOCAELI OMERAGA,İLİM ECZANESİ
KOCAELI SANAYI+BELDELER,KARŞIYAKA ECZANESİ
KOCAELI KORFEZ,KÖRFEZKENT ECZANESİ
KOCAELI SARAYBAHCE BATI,KURUÇEŞME MERKEZ ECZANESİ
KOCAELI BEKIRPASA,LAVANTA ECZANESİ
KOCAELI GOLCUK,LOTUS ECZANESİ
KOCAELI SANAYI+BELDELER,MAYA ECZANESİ
KOCAELI KANDIRA+BELDELER,NERGİS ECZANESİ
KOCAELI OMERAGA,NEŞEM ECZANESİ
KOCAELI SANAYI+BELDELER,ORGANİK ECZANESİ
KOCAELI KORFEZ,ÖZGEM ECZANESİ
KOCAELI GEBZE -1,ÖZGÜL ECZANESİ
KOCAELI SANAYI+BELDELER,PAPATYA ECZANESİ
KOCAELI GEBZE -4,PETEK ECZANESİ
KOCAELI DERINCE -1,PINAR ECZANESİ
KOCAELI KANDIRA+BELDELER,SERRA ECZANESİ
KOCAELI SANAYI+BELDELER,SEVİNÇ ECZANESİ
KOCAELI TOPCULAR+CEDIT,TUANA ECZANESİ
KOCAELI OMERAGA,UYGUN ECZANESİ
KOCAELI BEKIRPASA,YAHYA KAPTAN ECZANESİ
KOCAELI GEBZE -4,YENİKENT ECZANESİ
KOCAELI BEKIRPASA,YEŞİL ECZANESİ
KOCAELI SANAYI+BELDELER,ZEYNEP ECZANESİ
KOCAELI GEBZE -4,ZUHAL ECZANESİ
SAKARYA MERKEZ - 5,ACAROGLU ECZANESİ
SAKARYA MERKEZ - 2,ADA ECZANESİ
ZONGULDAK MERKEZ,ADA ECZANESİ
ZONGULDAK MERKEZ,AGARTAN ECZANESİ
SAKARYA MERKEZ - 3,AHSEN ECZANESİ
DUZCE MERKEZ -2,AHSEN ECZANESİ
DUZCE MERKEZ -2,ANKARA ECZANESİ
SAKARYA MERKEZ - 4,ARIFIYE ECZANESİ
SAKARYA MERKEZ - 6,ASIM HAMDI ARCA ECZANESİ
SAKARYA MERKEZ - 4,AYSE DILARA ECZANESİ
SAKARYA MERKEZ - 3,BAHAR ECZANESİ
DUZCE MERKEZ -2,BAHCELIEVLER ECZANESİ
DUZCE MERKEZ -2,BAKIR ECZANESİ
SAKARYA MERKEZ - 4,BERRIN CESUR ECZANESİ
ZONGULDAK MERKEZ,BOZKURT ECZANESİ
SAKARYA MERKEZ - 4,BURAK ECZANESİ
DUZCE MERKEZ -1,BUSRA ECZANESİ
SAKARYA MERKEZ - 2,CAN ECZANESİ
SAKARYA MERKEZ - 4,CANER SARI ECZANESİ
ZONGULDAK EREGLI,CEMIL SART ECZANESİ
ZONGULDAK EREGLI,CILEK ECZANESİ
DUZCE MERKEZ -2,CUMHURIYET ECZANESİ
ZONGULDAK EREGLI,DEMIRAY ECZANESİ
ZONGULDAK EREGLI,DENIZ ECZANESİ
ZONGULDAK EREGLI,DEVA ECZANESİ
SAKARYA MERKEZ - 4,EBRU ECZANESİ
SAKARYA MERKEZ - 3,EDA ECZANESİ
ZONGULDAK MERKEZ,ELIF ATA ECZANESİ
SAKARYA MERKEZ - 4,ELIT ECZANESİ
DUZCE MERKEZ -2,EMEL ECZANESİ
SAKARYA MERKEZ - 4,GOKHAN ECZANESİ
ZONGULDAK MERKEZ,GOKMEN ECZANESİ
SAKARYA MERKEZ - 3,GUNEY ECZANESİ
ZONGULDAK EREGLI,IPEK ECZANESİ
ZONGULDAK MERKEZ,KILIMLI ECZANESİ
SAKARYA MERKEZ - 4,KORUCUK ECZANESİ
SAKARYA MERKEZ - 3,KUBRA ECZANESİ
DUZCE MERKEZ -1,MEHTAP ECZANESİ
DUZCE MERKEZ -1,MINE ECZANESİ
SAKARYA MERKEZ - 4,MODERN ECZANESİ
SAKARYA MERKEZ - 4,MUSTAFA SAHIN ECZANESİ
SAKARYA MERKEZ - 4,NUR ECZANESİ
SAKARYA MERKEZ - 6,OMUR ECZANESİ
ZONGULDAK EREGLI,OZGUR ECZANESİ
ZONGULDAK MERKEZ,OZLEM PAPILA ECZANESİ
SAKARYA MERKEZ - 4,PAMUKCU ECZANESİ
DUZCE MERKEZ -2,PARK ECZANESİ
ZONGULDAK EREGLI,SELCUK ECZANESİ
SAKARYA MERKEZ - 4,SERAP ECZANESİ
SAKARYA AKYAZI+K.PURCEK,SERHAT ECZANESİ
ZONGULDAK EREGLI,SEYHAN ECZANESİ
DUZCE MERKEZ -1,SEYMA ECZANESİ
SAKARYA MERKEZ - 4,SUBASI ECZANESİ
SAKARYA AKYAZI+K.PURCEK,TUBA ECZANESİ
ZONGULDAK EREGLI,UMUT ECZANESİ
ZONGULDAK MERKEZ,YILMAZ ECZANESİ
ZONGULDAK MERKEZ,YUKSEL ECZANESİ
ZONGULDAK EREGLI,ZEKI SONMEZ ECZANESİ
DUZCE MERKEZ -1,ZEYNEP ECZANESİ
SAKARYA MERKEZ - 4,ZEYNEP TOCOGLU ECZANESİ
IZM MENEMEN,ACUN ECZANESİ
IZM CESME+KARABURUN,ADA ECZANESİ
IZM AKDENIZ+ISMET KAPTAN,AKTUG ECZANESİ
IZM CESME+KARABURUN,ALACATI ECZANESİ
IZM MIMARSINAN,ALIS ECZANESİ
IZM KULTUR,ALSANCAK MARİN ECZANESİ
IZM KULTUR,ALSANCAK PARK ECZANESİ
IZM CESME+KARABURUN,ASLI ECZANESİ
IZM ESREFPASA -2,AYSE GUCLU ECZANESİ
IZM ALIAGA,BAHAR ECZANESİ
IZM CANKAYA,BERK OKTEM ECZANESİ
IZM AKDENIZ+ISMET KAPTAN,BEYAZ ECZANESİ
KUTAHYA MERKEZ -2,BUSRA ECZANESİ
IZM ALSANCAK,CAGDAS ECZANESİ
IZM MENEMEN,CAGIL ECZANESİ
IZM CESME+KARABURUN,CANAN ECZANESİ
IZM ALIAGA,CANSU ECZANESİ
IZM CESME+KARABURUN,CESME ILICA ECZANESİ
IZM ALIAGA,CIGDEM ECZANESİ
IZM KULTUR,CUBUKCU ECZANESİ
IZM KONAK,DEMIRDOVEN ECZANESİ
IZM AKDENIZ+ISMET KAPTAN,DINCARSLAN ECZANESİ
IZM ALSANCAK,EFES ECZANESİ
IZM MENEMEN,EGE SEYHAN ECZANESİ
IZM KONAK,ELIF ECZANESİ
IZM KULTUR,ESER ECZANESİ
IZM ALIAGA,EYLUL YILMAZ ECZANESİ
IZM MITHATPASA,FAKÜLTE ECZANESİ
IZM CESME+KARABURUN,GOZDE ECZANESİ
IZM MIMARSINAN,GUR ECZANESİ
IZM CANKAYA,HATAY BANU ECZANESİ
IZM CESME+KARABURUN,ISMET SARI ECZANESİ
IZM CESME+KARABURUN,KARABINA ECZANESİ
IZM KULTUR,LOZAN ECZANESİ
IZM CESME+KARABURUN,MARINA ECZANESİ
IZM AKDENIZ+ISMET KAPTAN,MARMARA ECZANESİ
IZM ESREFPASA -1,MERKEZ ECZANESİ
IZM MENEMEN,NIL SEL ECZANESİ
IZM ALSANCAK,NILGUN ECZANESİ
IZM MITHATPASA,NOKTA ECZANESİ
IZM MITHATPASA,ONANC ARSLAN ECZANESİ
IZM CESME+KARABURUN,OZDEMIR ECZANESİ
IZM MIMARSINAN,OZGE ECZANESİ
IZM AKDENIZ+ISMET KAPTAN,OZGUR ECZANESİ
IZM CESME+KARABURUN,OZKAN ECZANESİ
IZM KULTUR,PALANDUZ ECZANESİ
IZM MENEMEN,POLAT ECZANESİ
IZM MENEMEN,POYRAZ ECZANESİ
IZM CESME+KARABURUN,RUZGAR ECZANESİ
IZM KULTUR,SAM ECZANESİ
IZM KONAK,SAYINER ECZANESİ
IZM MENEMEN,SEN ECZANESİ
IZM ALSANCAK,SIBEL ATLAS ECZANESİ
IZM KONAK,SIHHAT ECZANESİ
IZM FOCA,SUDE ECZANESİ
IZM KULTUR,TURKSOY ECZANESİ
ANK DOGU ILCELER,ULUKENT ECZANESİ
IZM KULTUR,YENI OZCAN ECZANESİ
IZM ALIAGA,YENI SAKRAN ECZANESİ
IZM AKDENIZ+ISMET KAPTAN,YENISEHIR ECZANESİ
IZM INCIRALTI,AKARSU ECZANESİ
IZM YESILYURT,ALP HABBEL ECZANESİ
IZM URLA+SEFERIHISAR,ASLI ECZANESİ
IZM NARLI,BAYRAM ECZANESİ
IZM URLA+SEFERIHISAR,CESMEALTI ECZANESİ
IZM NARLI,CIGDEM ECZANESİ
IZM SELCUK,CUKUROVA ECZANESİ
IZM URLA+SEFERIHISAR,DOGA ECZANESİ
IZM TIRE,EGE OMUR ECZANESİ
IZM URLA+SEFERIHISAR,KALABAK HUZUR ECZANESİ
IZM NARLI,EREN ECZANESİ
IZM GOZTEPE,ERGINLER ECZANESİ
IZM YESILYURT,EYLUL ECZANESİ
IZM TELEFERIK,FEYZA ECZANESİ
IZM ODEMIS -2,GIZEM ECZANESİ
IZM URLA+SEFERIHISAR,GULCE ECZANESİ
IZM UCKUYULAR,GULER ECZANESİ
IZM NARLI,GULHAYAT ECZANESİ
IZM TIRE,GUNER ECZANESİ
IZM TORBALI,GUVEN ECZANESİ
IZM NARLI,GUZEL YENIKOY ECZANESİ
IZM GUZELYALI,GUZELYALI ECZANESİ
MANISA MERKEZ -3,HAZAL ECZANESİ
IZM EGITIM+ONUR,ILAYDA ECZANESİ
IZM URLA+SEFERIHISAR,ILKE ECZANESİ
IZM TELEFERIK,ILTER ECZANESİ
IZM URLA+SEFERIHISAR,INCIR ECZANESİ
IZM GOZTEPE,KARADAG ECZANESİ
IZM TIRE,KESELI ECZANESİ
IZM GUZELYALI,KOSE ECZANESİ
IZM TORBALI,KRİSTAL ECZANESİ
IZM ODEMIS -1,KUBRA ECZANESİ
IZM URLA+SEFERIHISAR,MELIKE ECZANESİ
IZM UCKUYULAR,MERT AVCI ECZANESİ
IZM ODEMIS -1,MUTLUM ECZANESİ
IZM NARLI,NAR ECZANESİ
IZM ODEMIS -2,ORGANIK ECZANESİ
IZM TORBALI,OZGUR ECZANESİ
IZM GOZTEPE,PAKALIN ECZANESİ
IZM INCIRALTI,PERA ECZANESİ
IZM FAHRETTIN ALTAY,PLAZA ECZANESİ
IST TUZLA ICMELER,RITIM ECZANESİ
IZM EGITIM+ONUR,SARMASIK ECZANESİ
IZM URLA+SEFERIHISAR,SEFERIHISAR ECZANESİ
IZM TELEFERIK,SERAP ECZANESİ
IZM BASIN SITESI,SEVIL KOC ECZANESİ
IZM YESILYURT,SIFAVEREN ECZANESİ
IZM URLA+SEFERIHISAR,SILA ECZANESİ
IZM TIRE,TIRE KOSEOGLU ECZANESİ
IZM TIRE,TIRE NILAY ECZANESİ
IZM TORBALI,TORBALI ECZANESİ
IZM TORBALI,TORBALI MERKEZ ECZANESİ
IZM URLA+SEFERIHISAR,URLA NATUREL ECZANESİ
IZM URLA+SEFERIHISAR,URLA PAZAR ECZANESİ
IZM NARLI,YENI ERDEM ECZANESİ
IZM EGITIM+ONUR,YENI GOKSEN ECZANESİ
IZM BASIN SITESI,YENI SAGLIK ECZANESİ
IZM NARLI,ZEYTIN ECZANESİ
IZM URLA+SEFERIHISAR,ZEYTINALANI ECZANESİ
IZM ERZENE+MEVLANA,ALTINAYAR ECZANESİ
IZM GAZIEMIR,ANDAÇ ECZANESİ
IZM MIMARSINAN,ANKA ECZANESİ
IZM MENDERES,AYYILDIZ ECZANESİ
IZM YESILOVA+CINAR,BANU ECZANESİ
IZM ODEMIS -1,BAŞAK ULUSLU ECZANESİ
IZM MANSUROGLU,BATUHAN ECZANESİ
IZM BAYRAKLI,BAYRAKLI ECZANESİ
IZM ATATURK+INONU,BENAY ECZANESİ
IZM MENDERES,BETÜL ECZANESİ
IZM MANAVKUYU,BORNOVA SEÇİL ECZANESİ
IZM ERZENE+MEVLANA,CADDE ECZANESİ
IZM MENDERES,CANAN ECZANESİ
IZM MENDERES,CEM ECZANESİ
IZM YESILOVA+CINAR,ÇAMDİBİ SAĞLIK ECZANESİ
IZM ERGENE,ÇINAR ECZANESİ
IZM BERGAMA,ÇİÇEKSEVER ECZANESİ
IZM KAZIM DIRIK -3,DALGIÇ ECZANESİ
IZM BERGAMA,DENİZ ECZANESİ
IZM DIKILI+KINIK,DİKİLİ YAMAN ECZANESİ
IZM ERGENE,DİVA ECZANESİ
IZM MANSUROGLU,DOĞA ECZANESİ
IZM GAZIEMIR,DOLUNAY ECZANESİ
IZM BERGAMA,DUYGU ECZANESİ
IZM MANAVKUYU,EGE ECZANESİ
IZM ESREFPASA -2,EGE VİZYON ECZANESİ
IZM GAZIEMIR,FERAH ECZANESİ
IZM KAZIM DIRIK -1,FORUM ECZANESİ
IZM GAZIEMIR,GAZİ ECZANESİ
IZM MENDERES,GÜVEN ECZANESİ
IZM ATATURK+INONU,HARİKA ECZANESİ
IZM MANSUROGLU,HEKİMOĞLU ECZANESİ
IZM MENDERES,MENDERES ŞİFA ECZANESİ
IZM GAZIEMIR,MERVE ÜNLÜ ECZANESİ
IZM MANAVKUYU,METİN ECZANESİ
IZM BERGAMA,MOLVALI ECZANESİ
IZM GAZIEMIR,MURATHAN ECZANESİ
IZM KAZIM DIRIK -3,NAR ECZANESİ
IZM ERZENE+MEVLANA,NATURA ECZANESİ
IZM KAZIM DIRIK -3,NATUREL ECZANESİ
IZM MENDERES,ÖZGÜLER ECZANESİ
IZM KULTUR,PLATİN ECZANESİ
IZM ESREFPASA -2,SAMANLIOĞLU ECZANESİ
IZM GAZIEMIR,SARNIÇ ECZANESİ
IZM BAYRAKLI,ŞEHİR ECZANESİ
IZM BAYRAKLI,TAN ECZANESİ
IZM GAZIEMIR,TUĞBA ECZANESİ
IZM BAYRAKLI,UFUK ECZANESİ
IZM GAZIEMIR,ÜLKER ECZANESİ
IZM KAZIM DIRIK -1,ÜNİVERSİTE ECZANESİ
MANISA TURGUTLU -2,ÜNLÜ ECZANESİ
IZM YESILOVA+CINAR,YALÇIN ECZANESİ
IZM GAZIEMIR,YAŞDAL ECZANESİ
IZM MANSUROGLU,YAZGAN ECZANESİ
IZM MANAVKUYU,YENİ ARZUM ECZANESİ
IZM GAZIEMIR,YENİ ÇETİNER ECZANESİ
IZM GAZIEMIR,YENİ MELİKE ECZANESİ
IZM DIKILI+KINIK,YENİKENT KÜBRA ECZANESİ
MANISA SALIHLI -2,ACIL ECZANESİ
MANISA AKHISAR -3,AKHISAR ECZANESİ
MANISA MERKEZ -3,AKSOY ECZANESİ
MANISA MERKEZ -2,ALPEREN ECZANESİ
MANISA SALIHLI -1,ATAR ECZANESİ
MANISA TURGUTLU -2,BAL ECZANESİ
MANISA ALASEHIR+SARIGOL,BELER ECZANESİ
MANISA SALIHLI -1,BICER ECZANESİ
MANISA MERKEZ -2,BUGRA ECZANESİ
MANISA TURGUTLU -2,BULVAR ECZANESİ
MANISA ALASEHIR+SARIGOL,BUSRA ECZANESİ
MANISA MERKEZ -4,CAGRI ECZANESİ
MANISA SALIHLI -2,CIGDEM ECZANESİ
MANISA TURGUTLU -2,EKIN ECZANESİ
MANISA TURGUTLU -2,ELIFIN ECZANESİ
MANISA MERKEZ -2,ERDEM ECZANESİ
MANISA SOMA,ERSAN ECZANESİ
MANISA TURGUTLU -1,GEZER ECZANESİ
MANISA SALIHLI -2,GOKCE ECZANESİ
MANISA MERKEZ -3,GOZDE ECZANESİ
MANISA MERKEZ -5,GUMUSSU ECZANESİ
MANISA MERKEZ -3,GURSEV ECZANESİ
MANISA SOMA,GUVEN ECZANESİ
MANISA MERKEZ -2,GÜZELYURT ECZANESİ
MANISA AKHISAR -3,HURRIYET ECZANESİ
MANISA MERKEZ -2,IRIER ECZANESİ
MANISA AKHISAR -3,ISCI ECZANESİ
MANISA SALIHLI -1,KALKAN ECZANESİ
MANISA SOMA,KARADENIZ ECZANESİ
MANISA MERKEZ -2,KENT ECZANESİ
MANISA ALASEHIR+SARIGOL,KIRMIZIOGLU ECZANESİ
MANISA MERKEZ -4,KUBRA ECZANESİ
MANISA AKHISAR -2,MEHMET ECZANESİ
MANISA MERKEZ -2,MELEK ECZANESİ
MANISA SALIHLI -2,MODERN ECZANESİ
MANISA AKHISAR -3,MURAT ECZANESİ
IZM KEMALPASA,NAR ECZANESİ
MANISA SOMA,NIHATOGLU ECZANESİ
MANISA MERKEZ -2,NIL ECZANESİ
MANISA MERKEZ -1,NURSEN ECZANESİ
MANISA TURGUTLU -1,OKYAY ECZANESİ
MANISA TURGUTLU -2,ONUR SEN ECZANESİ
MANISA MERKEZ -2,OYKUM ECZANESİ
MANISA MERKEZ -2,PANDORA ECZANESİ
MANISA TURGUTLU -2,SAGLIK ECZANESİ
MANISA SARUHANLI+G.MAR.,SANLIER ECZANESİ
MANISA MERKEZ -2,SENKAL ECZANESİ
MANISA SOMA,SEVDE TILKI ECZANESİ
MANISA SALIHLI -1,SEVGİYOLU ECZANESİ
MANISA TURGUTLU -2,SEVINC ECZANESİ
MANISA TURGUTLU -2,SIFA ECZANESİ
MANISA SARUHANLI+G.MAR.,TURKMEN ECZANESİ
MANISA SOMA,UCAR ECZANESİ
MANISA TURGUTLU -2,UNLUER ECZANESİ
MANISA SALIHLI -2,YAGIZ KAYDA ECZANESİ
MANISA ALASEHIR+SARIGOL,YASAM ECZANESİ
MANISA MERKEZ -1,YAVUZ ECZANESİ
MANISA SALIHLI -2,YENI KAYA ECZANESİ
IZM KEMALPASA,YENI MERKEZ ECZANESİ
IZM KEMALPASA,YENI YILDIZ ECZANESİ
BALIKESIR MERKEZ -3,AKDENIZ ECZANESİ
CANAKKALE AYVACIK+BAYRAM,ASSOS IREM ECZANESİ
CANAKKALE AYVACIK+BAYRAM,AYVACIK GOZDE ECZANESİ
BALIKESIR MERKEZ -3,BAHCELIEVLER AYNUR ECZANESİ
CANAKKALE MERKEZ -2,BARBAROS ECZANESİ
BALIKESIR MERKEZ -3,BARIS ECZANESİ
CANAKKALE MERKEZ -2,BETUL ECZANESİ
BALIKESIR EDREMIT BATI,BIHTER ECZANESİ
CANAKKALE MERKEZ -2,BILGE ECZANESİ
BALIKESIR MERKEZ -1,BUKET ECZANESİ
BALIKESIR EDREMIT,BULBUL ECZANESİ
BALIKESIR MERKEZ -3,BURCU ECZANESİ
BALIKESIR MERKEZ -3,BUSE ECZANESİ
BALIKESIR AYVALIK,BUYUK ECZANE
BALIKESIR MERKEZ -1,CANBAY ECZANESİ
ELAZIG ILCELER,CEMRE ECZANESI
BALIKESIR MERKEZ -1,CEYDA ECZANESİ
BALIKESIR GOMEC+BURHANIY,DAMLA ECZANESİ
CANAKKALE E.ABAT+G.BOLU,DENIZ ECZANESİ
BALIKESIR EDREMIT,DUYGU DENIZ ECZANESİ
BALIKESIR MERKEZ -5,EBRU ECZANESİ
CANAKKALE AYVACIK+BAYRAM,EDA ECZANESİ
BALIKESIR EDREMIT BATI,ERAY ECZANESİ
BALIKESIR EDREMIT,ERGIN ECZANESİ
CANAKKALE E.ABAT+G.BOLU,EYLUL ECZANESİ
BALIKESIR MERKEZ -1,FEYZA ECZANESİ
BALIKESIR EDREMIT,GAMZE ECZANESİ
BALIKESIR MERKEZ -1,GOKCE ECZANESİ
CANAKKALE MERKEZ -2,GOKHAN ECZANESİ
CANAKKALE MERKEZ -2,HALE ECZANESİ
BALIKESIR GOMEC+BURHANIY,ILAYDA ECZANESİ
CANAKKALE MERKEZ -1,ISKELE ECZANESİ
BALIKESIR AYVALIK,KILIC ECZANESİ
BALIKESIR EDREMIT BATI,KORDON ECZANESİ
BALIKESIR EDREMIT BATI,KOZA ECZANESİ
CANAKKALE AYVACIK+BAYRAM,KUCUKKUYU NIL ECZANESİ
BALIKESIR MERKEZ -3,KURTDERELI ECZANESİ
BALIKESIR MERKEZ -3,MAVI ECZANESİ
CANAKKALE MERKEZ -2,MELTEM TURKER ECZANESİ
BALIKESIR GOMEC+BURHANIY,MERT ECZANESİ
BALIKESIR MERKEZ -1,MUDERRIS ECZANESİ
BALIKESIR EDREMIT,MUGE ECZANESİ
BALIKESIR MERKEZ -3,NARCICEGI ECZANESİ
BALIKESIR EDREMIT BATI,OKSIJEN ECZANESİ
BALIKESIR MERKEZ -2,ONTAN ECZANESİ
BALIKESIR MERKEZ -3,OZEN ECZANESİ
BALIKESIR EDREMIT BATI,OZLEM ECZANESİ
BALIKESIR EDREMIT BATI,SEDA ECZANESİ
BALIKESIR MERKEZ -1,SELIN KUCUK ECZANESİ
BALIKESIR EDREMIT BATI,SEREN ECZANESİ
CANAKKALE MERKEZ -2,SIBEL ECZANESİ
BALIKESIR EDREMIT BATI,SIFA ECZANESİ
BALIKESIR EDREMIT,SIRIN ECZANESİ
BALIKESIR MERKEZ -3,SOYLU ECZANESİ
BALIKESIR MERKEZ -3,ULU ECZANESİ
BALIKESIR EDREMIT BATI,YASEMIN ECZANESİ
BALIKESIR AYVALIK,YENI EROL ECZANESİ
BALIKESIR GOMEC+BURHANIY,YENİ ATAMER ECZANESİ
BALIKESIR AYVALIK,ZEYTIN ECZANESİ
BALIKESIR GOMEC+BURHANIY,ZIVER ECZANESİ
BURSA NILUFER -1,ADA ECZANESİ
BURSA NILUFER -1,ALTINBASAK ECZANESİ
BURSA SEHREKUSTU,ALYA ECZANESİ
BURSA SITELER,ARABAYATAGI ALTUN ECZANESİ
BURSA NILUFER -1,BARBAROS ECZANESİ
BURSA SITELER,BASAK CAN ECZANESİ
BURSA INEGOL-2,BAYRAMDERE BOGAZ ECZANESİ
BURSA SITELER,BERA ECZANESİ
BURSA DAVUTDEDE,BERKE ECZANESİ
BURSA GURSU,CAGRI ECZANESİ
BURSA DIKKALDIRIM,CAN ECZANESİ
BURSA CEKIRGE,CEKIRGE ECZANESİ
BURSA DAVUTDEDE,CEMRE ECZANESI
BURSA KESTEL,CIHAN ECZANESİ
BURSA NILUFER -1,COK YASA ECZANESİ
BURSA CEKIRGE,COMERT ECZANESİ
BURSA MAKSEM+ORHANBEY,CUMHURIYET ECZANESİ
BURSA DIKKALDIRIM,DOGUMEVI MERKEZ ECZANESİ
BURSA DAVUTDEDE,DURU ECZANESİ
BURSA NILUFER -1,EDA ECZANESİ
BURSA CEKIRGE,ERAY ECZANESİ
BURSA SITELER,FATIHAN ECZANESİ
BURSA BEYAZIT,FURKAN ECZANESİ
BURSA NILUFER -1,GURKAN ECZANESİ
BURSA DAVUTDEDE,HAKSEVER ECZANESİ
BURSA CEKIRGE,HILAL ECZANESİ
BURSA NAMAZGAH,ICTEN ECZANESİ
BURSA SITELER,ILK UMUT ECZANESİ
BURSA DIKKALDIRIM,ISTANBUL ECZANESİ
BURSA SITELER,KAPLAN ECZANESİ
BURSA SITELER,KAPSUL ECZANESİ
BURSA DAVUTDEDE,KARDES ECZANESİ
BURSA DIKKALDIRIM,KAYA ECZANESİ
BURSA GURSU,KOSE ECZANESİ
BURSA NILUFER -1,KRISTAL PARK ECZANESİ
BURSA CEKIRGE,KUKURTLU DOGA ECZANESİ
BURSA CEKIRGE,KUKURTLU ECZANESİ
BURSA CEKIRGE,MAVİ LADİN ECZANESİ
BURSA SITELER,MESE ECZANESİ
BURSA DIKKALDIRIM,MIHRAPLI ECZANESİ
BURSA SITELER,NEBI ECZANESİ
BURSA DAVUTDEDE,NESRIN ECZANESİ
BURSA AKTARHUSSAM,NILGUL ECZANESİ
BURSA BEYAZIT,NURDAN SAGLIK ECZANESİ
BURSA SITELER,RUMELI ECZANESİ
BURSA DAVUTDEDE,SAHRA ECZANESİ
BURSA NILUFER -1,SANAT ECZANESİ
BURSA SITELER,SELMAN ECZANESİ
BURSA NILUFER -1,SENGUL ECZANESİ
BURSA CEKIRGE,SEVGI ECZANESİ
BURSA SITELER,SITELER ECZANESİ
BURSA SITELER,SOYBILGIN ECZANESİ
BURSA DAVUTDEDE,SUMBUL ECZANESİ
BURSA SITELER,TOKOGLU SITELER ECZANESİ
BURSA MAKSEM+ORHANBEY,ULUDAG ECZANESİ
BURSA SITELER,YAZICI SAGLIK ECZANESİ
BURSA GURSU,YENIDOGAN ECZANESİ
BURSA NAMAZGAH,YESIL ECZANESİ
BURSA KESTEL,YIGITLER ECZANESİ
BURSA GURSU,ZENCEFIL ECZANESİ
BALIKESIR BANDIRMA -2,ACAR KOSE ECZANESİ
BURSA NILUFER -2,ALAGOZ ECZANESİ
BURSA NILUFER -2,ALP ECZANESİ
BURSA NILUFER -3,ALTINSEHIR ECZANESİ
BALIKESIR BANDIRMA -1,ANNEM ECZANESI
BURSA NILUFER -3,ARDA MENEKSE ECZANESİ
BURSA NILUFER -3,ASLI AKAY ECZANESİ
BURSA NILUFER -3,ASLI ECZANESİ
BURSA NILUFER -2,ATAEVLER ECZANESİ
BALIKESIR BANDIRMA -2,AYAZ ECZANESİ
BALIKESIR BANDIRMA -2,BAL ECZANESİ
BURSA NILUFER -3,BALAT ECZANESİ
BURSA NILUFER -2,BEKCIOGLU ECZANESİ
BURSA NILUFER -3,BETUL SIFA ECZANESİ
BURSA NILUFER -2,BEYCE ECZANESİ
BURSA NILUFER -2,BIRAY ECZANESİ
BURSA NILUFER -2,DENIZKIZI ECZANESİ
BURSA NILUFER -2,DOLUNAY ECZANESİ
BURSA NILUFER -3,DUMLUPINAR ECZANESİ
BALIKESIR BANDIRMA -2,ESRA ECZANESİ
BURSA NILUFER -3,EYLUL ECZANESİ
BURSA NILUFER -2,FERZAN ECZANESİ
BURSA NILUFER -2,FETHIYE SAGLIK ECZANESİ
BURSA NILUFER -3,FLORA ECZANESİ
BURSA NILUFER -3,GAMZE CICEK ECZANESİ
BURSA NILUFER -3,GONCA ERYILMAZ ECZANESİ
BURSA GEMLIK,İDİL ECZANESİ
BURSA NILUFER -3,KAMPUS ECZANESİ
BURSA MUSTAFA KEMALPASA,KARAMAN SAĞLIK ECZANESİ
BURSA NILUFER -3,KONSEPT BALAT ECZANESİ
BURSA NILUFER -1,LAVANTA ECZANESI
BURSA NILUFER -2,LIMAN ECZANESİ
BURSA NILUFER -3,MELISIN ECZANESİ
BURSA NILUFER -1,MEVSIM ECZANESİ
BURSA NILUFER -2,MINERAL ECZANESİ
BALIKESIR BANDIRMA -2,NAZAR ECZANESİ
BURSA NILUFER -3,NİSAN ECZANESİ
BURSA NILUFER -2,OKAN ECZANESİ
BURSA KARACABEY,ORCUN ECZANESİ
BURSA NILUFER -2,OYKU ECZANESİ
BURSA NILUFER -2,OZLEM TATALLAR ECZANESİ
BURSA NILUFER -3,OZLUCE BULVAR ECZANESİ
BURSA NILUFER -3,OZLUCE ECZANESİ
BURSA NILUFER -3,SAYGIN ECZANESİ
BURSA NILUFER -3,SERA PARK ECZANESİ
BURSA NILUFER -3,SERIF DENIZ ECZANESİ
BURSA NILUFER -3,SEYMEN ECZANESİ
BURSA KARACABEY,SEZER ECZANESİ
BURSA NILUFER -3,SEZGI ECZANESİ
BURSA NILUFER -2,SINANOGLU ECZANESİ
BURSA NILUFER -3,TANER ECZANESİ
IZM DONANMACI,TERAPI ECZANESİ
BURSA NILUFER -2,TUGCE ECZANESİ
BURSA KESTEL,TURKUAZ ECZANESİ
BURSA NILUFER -3,TUTKU KARCAL ECZANESİ
BURSA NILUFER -3,UCEVLER SU ECZANESİ
BURSA NILUFER -3,UNIVERSITE ECZANESİ
BURSA NILUFER -2,YALVAC ECZANESİ
BURSA KARACABEY,YENI GARAJ ECZANESİ
BURSA BAGLARBASI,AKPINAR ECZANESİ
BURSA ORHANGAZI,ALARA ECZANESİ
YALOVA ILCELER,ALIS ECZANESİ
BURSA INEGOL-3,ALPER ECZANESİ
YALOVA MERKEZ DOGU,ANADOLU ECZANESİ
BURSA INEGOL-2,ARSLAN ECZANESİ
YALOVA MERKEZ BATI,ARZU ECZANESİ
BURSA BAGLARBASI,ASAN ECZANESİ
YALOVA MERKEZ BATI,ATALAY ECZANESİ
YALOVA MERKEZ BATI,ATAS ECZANESİ
BURSA INEGOL-3,ATMACA ECZNESI
YALOVA MERKEZ BATI,AYSU ECZANESİ
IST GOP KARAYOLLARI,BALIM ECZANESİ
YALOVA ILCELER,BANU ECZANESİ
BURSA GEMLIK,BAYER ECZANESİ
YALOVA MERKEZ DOGU,BIZIM ECZANE
BURSA INEGOL-3,BURCU ECZANESİ
YALOVA ILCELER,CAKIL ECZANESİ
YALOVA MERKEZ BATI,DAMLA ECZANESİ
BURSA INEGOL-3,DERMAN INEGOL ECZANESİ
BURSA YUNUSELI+PANAYIR,DOGANEVLER ECZANESİ
ERZURUM GUNEY ILCELER,EBRU ECZANESİ
BURSA GEMLIK,EMIN ECZANESİ
BURSA INEGOL-3,ENISE ECZANESİ
YALOVA MERKEZ BATI,FATIH ECZANESİ
YALOVA MERKEZ DOGU,FUNDA ECZANESİ
BURSA GEMLIK,GEMLIK ECZANESİ
BURSA GEMLIK,GEMLIK SAGLIK ECZANESİ
BURSA SAKARYA+ULU,GIZEM NUR ECZANESİ
YALOVA ILCELER,HASTANE ECZANESİ
BURSA YUNUSELI+PANAYIR,HUMA ECZANESİ
YALOVA MERKEZ DOGU,IHLAMUR ECZANESİ
YALOVA ILCELER,ISIL ECZANESİ
YALOVA MERKEZ DOGU,ISTANBUL ECZANESİ
BURSA SAKARYA+ULU,KAAN ECZANESİ
BURSA GEMLIK,KAHRAMAN ECZANESİ
BURSA SAKARYA+ULU,KENT MEYDANI ECZANESİ
BURSA BAGLARBASI,KORUPARK ECZANESİ
YALOVA ILCELER,LIMAN ECZANESİ
YALOVA MERKEZ BATI,MARMARA ECZANESİ
BURSA HURRIYET,MEHMET AKIF ECZANESİ
BURSA YUNUSELI+PANAYIR,NARLI ECZANESİ
GAZIANTEP SEHITKAMIL - 2,OKYANUS ECZANESİ
BURSA YUNUSELI+PANAYIR,OSMANGAZI ECZANESİ
BURSA GEMLIK,OZAN ECZANESİ
BURSA HURRIYET,ÖMÜR SAĞLIK ECZANESİ
YALOVA ILCELER,PINAR ECZANESİ
BURSA YUNUSELI+PANAYIR,SARAÇOĞLU ECZANESİ
BURSA YUNUSELI+PANAYIR,SEMA ECZANESİ
BURSA GEMLIK,SEMS ECZANESİ
IST YENIGUN+YILDIZTEPE,SEVGEN ECZANESİ
BURSA INEGOL-3,SEVIM ECZANESİ
BURSA INEGOL-2,SEZER ECZANESİ
BURSA INEGOL-2,TUGBA KUSOGLU ECZANESİ
BURSA ORHANGAZI,TUGCE ECZANESİ
YALOVA ILCELER,YALCIN ECZANESİ
BURSA YUNUSELI+PANAYIR,YESIM ONAL ECZANESİ
BURSA BAGLARBASI,YETKIN ECZANESİ
BURSA INEGOL-1,YUNUS EMRE ECZANESİ
BURSA YUNUSELI+PANAYIR,YUVACI ECZANESİ
BURSA GEMLIK,ZEYNEP OZDEMIR ECZANESİ
ANK AKKOPRU,AGAOGLU ECZANESİ
ANK TUZLUCAYIR,AKSOYLAR ECZANESİ
ANK KUSCAGIZ+PINARBASI,ALPTEKIN ECZANESİ
ANK DEMIRLIBAHCE-2,ANGORA ECZAZNESİ
ANK AYVALI,ANTARES GÜLŞAH ECZANESİ
ANK ETLIK,ARSLAN ECZANESİ
ANK TUZLUCAYIR,ASLANALP ECZANESİ
ANK KUSCAGIZ+PINARBASI,BAŞAKSU ECZANESİ
ANK BASINEVLER+EMRAH,BASARAN ECZANESİ
ANK ASAGI EGLENCE,BILGE HEPER ECZANESİ
ANK AYVALI,BOSTANCI ECZANESİ
ANK GUNEY ILCELER,CANAYDIN ECZANESİ
ANK DUTLUK+KAYAS,CORUMLU ECZANESİ
ANK INCIRLI+CILEKLI,DANISMENT ECZANESİ
ANK TUZLUCAYIR,DEREBOYU ECZANESİ
ANK AKTEPE+UYANIS,DILEK BAHAR ECZANESİ
ANK KALABA+HASKOY,ECEM BAYRAKTAR ECZANESİ
ANK TUZLUCAYIR,EGE ATA ECZANESİ
ANK ATAPARK+23 NISAN,ELIFCE ECZANESİ
ANK DUTLUK+KAYAS,ELİFİN ECZANESİ
ANK AKTEPE+UYANIS,ERDEMLI ECZANESİ
ANK SENLIK,ERLER ECZANESİ
ANK TEPEBASI+19 MAYIS,ESER ECZANESİ
ANK ETLIK,ESME ECZANESİ
ANK AYVALI,ETLIK IHTISAS ECZANESİ
ANK GULVEREN,FATIH ECZANESİ
ANK AYVALI,GENCASLAN ECZANESİ
ANK YENICAG,GULCAN ECZANESİ
ANK DUTLUK+KAYAS,GULDEVA ECZANESİ
ANK RAGIP TUZUN,HALE ECZANESİ
ANK KALABA+HASKOY,HANELI ECZANESİ
ANK DUTLUK+KAYAS,HAYAT ECZANESİ
ANK ATAPARK+23 NISAN,KAFKASLAR ECZANESİ
ANK ATAPARK+23 NISAN,KANUNI ECZANESİ
ANK AYVALI,KARTALTEPE ECZANESİ
ANK TUZLUCAYIR,KAYALAR ECZANESİ
ANK INCIRLI+CILEKLI,KEYIF ECZANESİ
ANK DUTLUK+KAYAS,KIBRISKOYU ECZANESİ
ANK AKTEPE+UYANIS,LAVANTA ECZANESI
ANK DUTLUK+KAYAS,MAMAK ELIT ECZANESİ
ANK DUTLUK+KAYAS,MEGA ECZANESİ
ANK AYVALI,MELEK CEBECI ECZANESİ
ANK BASINEVLER+EMRAH,MERIC ECZANESİ
ANK ATAPARK+23 NISAN,NANE LIMON ECZANESİ
ANK DUTLUK+KAYAS,NATOYOLU ECZANESİ
ANK YENICAG,NESLI ECZANESİ
HATAY EMEK+AKEVLER,OKYANUS ECZANESİ
ANK ETLIK,OVACIK TUNA ECZANESİ
ANK TUZLUCAYIR,OZ OZLEM ECZANESİ
ANK ETLIK,OZMELEK ECZANESİ
ANK DUTLUK+KAYAS,PORTAKAL ECZANESİ
ANK SEYRAN,PRESTIJ ECZANESİ
ANK AKTEPE+UYANIS,SAN ECZANESİ
ANK BASINEVLER+EMRAH,SETENAY ECZANESİ
ANK KUSCAGIZ+PINARBASI,SEVGI GULER ECZANESİ
ANK SEYRAN,SEVVAL ECZANESİ
ANK AKTEPE+UYANIS,TAKSIR ECZANESİ
ANK KUSCAGIZ+PINARBASI,YENI SABAH ECZANESİ
ANK TUZLUCAYIR,YENI YALCIN ECZANESİ
ANK AYVALI,YENI ZEYNEP ECZANESİ
ESKISEHIR GULLUK,ADA ECZANESİ
AFYON MERKEZ -1,AFYON DOST ECZANESİ
ESKISEHIR ULUONDER,AHSEN ECZANESİ
AFYON MERKEZ -1,AKTAN ECZANESİ
KUTAHYA MERKEZ -2,ARMUTLAR ECZANESİ
ESKISEHIR GULLUK,AYCA ECZANESİ
AFYON MERKEZ -2,AYDENIZ ECZANESİ
AFYON MERKEZ -2,BALLIPINAR ECZANESİ
ESKISEHIR ULUONDER,BERIN ECZANESİ
KUTAHYA MERKEZ -3,BETUL ECZANESİ
AFYON MERKEZ -2,BUSRA ECZANESİ
ESKISEHIR KURTULUS,CEM ECZANESİ
KUTAHYA MERKEZ -3,CEYLAN ECZANESİ
AFYON MERKEZ -2,CILOGLU ECZANESİ
KUTAHYA MERKEZ -1,CUMHURIYET ECZANESİ
KUTAHYA MERKEZ -3,CUMHURIYET KONAK ECZANESİ
AFYON MERKEZ -2,EFE ECZANESİ
AFYON MERKEZ -2,ERDEM ECZANESİ
ESKISEHIR PASA+BUYUKDERE,ERHAN ECZANESİ
ESKISEHIR ULUONDER,ERMIS ECZANESİ
ESKISEHIR PASA+BUYUKDERE,ERYILMAZ ECZANESİ
ESKISEHIR PASA+BUYUKDERE,EZGI ECZANESİ
AFYON MERKEZ -1,FATMA SENGUL ECZANESİ
AFYON MERKEZ -2,FLORA ECZANESİ
AFYON MERKEZ -2,GORGULU FUAR ECZANESİ
ESKISEHIR ULUONDER,GOZDEM ECZANESİ
ESKISEHIR GULLUK,GULSEV ECZANESİ
ESKISEHIR CUMHURIYET,HAKAN ECZANESİ
ESKISEHIR PASA+BUYUKDERE,IDIL ECZANESİ
ESKISEHIR PASA+BUYUKDERE,IKIEYLUL ECZANESİ
KUTAHYA MERKEZ -3,INCI ECZANESİ
ESKISEHIR ULUONDER,IPEK ECZANESİ
AFYON MERKEZ -1,IPEK OZTEKE ECZANESİ
ESKISEHIR ISTIKLAL,ISTIKLAL ECZANESİ
ESKISEHIR ULUONDER,KALAS ECZANESİ
AFYON MERKEZ -1,KARAKOC ECZANESİ
ESKISEHIR ULUONDER,KARAMEL ECZANESİ
AYDIN NAZILLI -2,KARTOPU ECZANESİ
AFYON MERKEZ -1,KENAR ECZANESİ
ESKISEHIR ULUONDER,KOKDEN ECZANESİ
AFYON HOCALAR+SANDIKLI,MACIT ECZANESİ
ESKISEHIR ULUONDER,MELIS ECZANESİ
ESKISEHIR PASA+BUYUKDERE,MESELIK ECZANESİ
AFYON MERKEZ -1,OZTEKE ECZANESİ
AFYON MERKEZ -1,SERDAR ECZANESİ
AFYON MERKEZ -2,SERIM ECZANE
AFYON MERKEZ -2,SEVGI ECZANESİ
KUTAHYA MERKEZ -1,SEVGI YOLU ECZANESİ
AFYON MERKEZ -2,SEYHAN ECZANESİ
ESKISEHIR YENIDOGAN,SEZGIN ECZANESİ
AFYON SINCANLI+SUHUT,SINADA ECZANESİ
AFYON MERKEZ -1,SULE ECZANESİ
ESKISEHIR GULLUK,TARIK ECZANESİ
AFYON EMIRDAG,TEKIN ECZANESİ
ESKISEHIR KIRMIZITOPRAK,TURUNCU ECZANESİ
AFYON MERKEZ -2,UTKU ECZANESİ
AFYON MERKEZ -2,YENI NISA ECZANESİ
AFYON EMIRDAG,ZAFER ECZANESİ
KUTAHYA MERKEZ -1,ZEYBEK ECZANESİ
ESKISEHIR GULLUK,BATIKENT ORKİDE
AKSARAY MERKEZ -2,AHMET MUHTAR ECZANESİ
KAYSERI KOCASINAN -5,AKIN ECZANESİ
KAYSERI MELIKGAZI -3,ALARA ECZANESİ
KAYSERI MELIKGAZI -4,ALPEREN ERTAŞ
KAYSERI KOCASINAN -3,ANDAC ECZANESİ
AKSARAY MERKEZ -1,ARIF MEYDAN ECZANESİ
KAYSERI BUNYAN+TALAS,CAGRI ECZANESİ
KAYSERI MELIKGAZI -4,CANDIR ECZANESİ
NEVSEHIR MERKEZ -2,CERAN ECZANESİ
KAYSERI KOCASINAN -3,DEMIR ECZANESİ
KAYSERI KOCASINAN -1,DEMIREZEN ECZANESİ
NEVSEHIR MERKEZ -1,DERMAN ECZANESİ
KAYSERI KOCASINAN -3,DERYA ECZANESİ
NEVSEHIR MERKEZ -2,DORTKOL ECZANESİ
KAYSERI KOCASINAN -5,EMEL ECZANESİ
NEVSEHIR GUNEY+DOGU ILCE,EMIN ECZANESİ
KAYSERI KOCASINAN -3,ERDOGMUS ECZANESİ
NEVSEHIR MERKEZ -2,ERGUN ECZANESİ
NEVSEHIR GUNEY+DOGU ILCE,ERIS ECZANESİ
KAYSERI KOCASINAN -2,ESRA OZKAN ECZANESİ
KAYSERI MELIKGAZI -3,FURKAN ECZANESİ
KAYSERI KOCASINAN -2,GOKTAS ECZANESİ
KAYSERI KOCASINAN -1,GOLGELI ECZANESİ
KAYSERI KOCASINAN -3,HASEKI ECZANESİ
KAYSERI MELIKGAZI -2,HUZUR ECZANESİ
AKSARAY MERKEZ -1,INOVA ECZANESİ
KAYSERI MELIKGAZI -1,ISTANBUL ECZANESİ
KAYSERI KOCASINAN -3,KAYSERI ECZANESİ
KAYSERI MELIKGAZI -3,KELEBEK ECZANESİ
AKSARAY MERKEZ -3,KOSELER ECZANESİ
KAYSERI KOCASINAN -3,MARMARA ECZANESİ
KAYSERI MELIKGAZI -2,SAKARYA ECZANESİ
KAYSERI MELIKGAZI -3,MELTEM ZENGER ECZANESİ
KAYSERI BUNYAN+TALAS,MENEKSE ECZANESİ
KAYSERI KOCASINAN -1,MERKEZ ECZANESİ
KAYSERI MELIKGAZI -3,MIRAC ECZANESİ
KAYSERI KOCASINAN -1,NART ECZANESİ
NEVSEHIR MERKEZ -1,ONUR ECZANESİ
NEVSEHIR KUZEY ILCELER,ORKUN ECZANESİ
NEVSEHIR MERKEZ -2,OZLEM ECZANESİ
AKSARAY MERKEZ -1,OZLEM ECZANESİ
KAYSERI BUNYAN+TALAS,PARK ECZANESİ
KAYSERI KOCASINAN -2,SAFAK ECZANESİ
KAYSERI MELIKGAZI -3,SAYESTE ECZANE
KAYSERI KOCASINAN -1,SAYLAN ECZANESİ
KAYSERI MELIKGAZI -3,BAL ECZANESİ
AKSARAY MERKEZ -2,SEN ECZANESİ
AKSARAY MERKEZ -2,SIHHAT ECZANESİ
AKSARAY MERKEZ -3,MELENDİZ ECZANESİ
KAYSERI KOCASINAN -1,TASHAN ECZANESİ
KAYSERI MELIKGAZI -1,TIRITOGLU ECZANESİ
KAYSERI MELIKGAZI -5,TURKYAR ECZANESİ
AKSARAY MERKEZ -3,UCLER ECZANESİ
KAYSERI KOCASINAN -5,UMAY ECZANESİ
AKSARAY MERKEZ -3,YALCIN ECZANESİ
KAYSERI MELIKGAZI -5,YASAM ECZANESİ
NEVSEHIR GUNEY+DOGU ILCE,YASAM ECZANESİ
NEVSEHIR MERKEZ -2,YOLGOSTEREN ECZANESİ
AKSARAY MERKEZ -2,YUMER ECZANESİ
KAYSERI KOCASINAN -3,EFRUZ ECZANESİ
ANK REMZI OGUZ,ABBASOGLU ECZANESİ
ANK CAYYOLU+UMIT,AKER ECZANESİ
ANK CAYYOLU+UMIT,ANAVRIN ECZANESİ
ANK CAYYOLU+UMIT,ANKARA ECZANESİ
ANK CAYYOLU+UMIT,ASLIHAN ECZANESİ
ANK G.O.P.+GUZELTEPE,ATAKULE ECZANESİ
ANK G.O.P.+GUZELTEPE,AYDEMIR ECZANESİ
ANK POLATLI -2,AYLIN ATTILA ECZANESİ
ANK REMZI OGUZ,AYRANCI ECZANESİ
ANK CAYYOLU+UMIT,BAHAR ECZANESİ
ANK CAYYOLU+UMIT,BERIL BULUT ECZANESİ
ANK POLATLI -2,BERLIN ECZANESİ
ANK CAYYOLU+UMIT,YENİ ÇAYYOLU ECZANESİ
ANK CAYYOLU+UMIT,BEYSUPARK ECZANESİ
ANK CAYYOLU+UMIT,BEYTEPE ECZANESİ
ANK CAYYOLU+UMIT,BILKENT ALP ECZANESİ
ANK CAYYOLU+UMIT,BULVAR BEYTEPE
ANK CAYYOLU+UMIT,CADDE PARK ECZANESİ
ANK YUKARI BAHCELIEVLER,CADDE TUNUS ECZANESİ
ANK POLATLI -2,CANATAN ECZANESİ
ANK CAYYOLU+UMIT,CAYYOLU BORA ECZANESİ
ANK CAYYOLU+UMIT,CAYYOLU KUZUCU ECZANESİ
ANK G.O.P.+GUZELTEPE,DEVA ECZANESİ
ANK OVECLER -3,DIDIM ECZANESİ
ANK CAYYOLU+UMIT,EGE SENA ECZANESİ
ANK BARBAROS+K.ESAT,FIKRET ECZANESİ
ANK CAYYOLU+UMIT,GALLERIA ECZANESİ
ANK KAVAKLIDERE -2,GEREK ECZANESİ
ANK AKTEPE+UYANIS,GORDİON ECZANESİ
ANK POLATLI -1,GUNES ECZANESİ
ANK POLATLI -1,HAYAT ECZANESİ
ANK CAYYOLU+UMIT,HEKIMKOY ECZANESİ
ANK REMZI OGUZ,ILAC ECZANESİ
ANK CAYYOLU+UMIT,INCEK ECZANESİ
ANK CAYYOLU+UMIT,INCEK PRESTIJ ECZANESİ
ANK KAVAKLIDERE -2,KARDELEN ECZANESİ
ANK BUYUKESAT,KOROGLU ECZANESİ
ANK BARBAROS+K.ESAT,KUCUKESAT ECZANESİ
ANK SAMANPAZARI -2,KUZUCU ECZANESİ
IST GOP ARNAVUTKOY,LOTUS ANGORA
ANK CAYYOLU+UMIT,MATARACI ECZANESİ
ANK CAYYOLU+UMIT,MAYA ECZANESİ
ANK CAYYOLU+UMIT,MEHTAP UYSAL ECZANESİ
ANK REMZI OGUZ,MITHATPASA PLUS ECZANESİ
ANK CAYYOLU+UMIT,ODEF ECZANESİ
ANK CAYYOLU+UMIT,ORGANIK ECZANESİ
ANK DUTLUK+KAYAS,OZEK ECZANESİ
ANK BIRLIK+YESILKENT,OZLEMIN ECZANESİ
ANK REMZI OGUZ,PARK ECZANESİ
ANK CAYYOLU+UMIT,PINAR KAYNAR ECZANESİ
ANK SEYRAN,PLATIN ECZANESİ
ANK POLATLI -2,SAHIN ECZANESİ
ANK CAYYOLU+UMIT,SANTRA ECZANESİ
ANK BUYUKESAT,SEHER ECZANESİ
ANK BUYUKESAT,SIMKENT ECZANESİ
ANK CAYYOLU+UMIT,TAN ECZANESİ
ANK CAYYOLU+UMIT,TASKAN ECZANESİ
ANK CAYYOLU+UMIT,UMITKOY MERKEZ ECZANESİ
ANK CAYYOLU+UMIT,VITRIN ECZANESİ
ANK KAVAKLIDERE -2,YENI MUTLU ECZANESİ
ANK ERYAMAN,4 ETAP NILUFER ECZANESİ
YOZGAT GUNEY ILCELER,AGGUL ECZANESİ
ANK ERYAMAN,AJDA ECZANESİ
ANK ERYAMAN,AKCENTER ECZANESİ
ANK SINCAN GAZIOSMANPASA,AKSEMSETTIN ECZANESİ
ANK SINCAN GAZIOSMANPASA,AKTURK ECZANESİ
ANK ERYAMAN,ANITTA ECZANESİ
ANK ERYAMAN,ANKOR ECZANESİ
YOZGAT MERKEZ,ARAL ECZANESİ
ANK ERYAMAN,ARVEN ECZANESİ
ANK ERYAMAN,BAGLICA BULVAR ECZANESİ
ANK ERYAMAN,BAHCEN ERYAMAN ECZANESİ
ANK SINCAN ATATURK,BEYLER ECZANESİ
ANK ORTADOGU,BILKENT ECZANESİ
ANK ERYAMAN,BOSNA ECZANESİ
ANK ERYAMAN,DEFNE NIL ECZANESİ
GAZIANTEP SEHITKAMIL - 5,DENIZ KUZUDISLI ECZANESİ
YOZGAT GUNEY ILCELER,DOGAN ECZANESİ
ANK ERYAMAN,ELIF ECZANESİ
ANK SINCAN GAZIOSMANPASA,ELMAAGAC ECZANESİ
ANK ERYAMAN,GİMSAPARK MERAM ECZANESİ
ANK DEMETEVLER -2,GOKCE CEREN ECZANESİ
ANK SINCAN GAZIOSMANPASA,GONCA CAN ECZANESİ
ANK ERYAMAN,GORKEM GUNES ECZANESİ
YOZGAT MERKEZ,KAYTAN ECZANESİ
ANK ERYAMAN,LOKMAN HEKIM ECZANESİ
ANK SINCAN ATATURK,MALAZGIRT SIFA ECZANESİ
ANK SINCAN GAZIOSMANPASA,MAVI YILDIZ ECZANESİ
ANK ERYAMAN,MERAL CEVIZCI ECZANESİ
ANK ERYAMAN,MERAM ECZANESİ
ANK ERYAMAN,MERT YASAM ECZANESİ
YOZGAT MERKEZ,MERVE ECZANESİ
ANK ERYAMAN,METROMALL ECZANESİ
ANK ISTASYON,MUTLU ECZANESİ
ANK ERYAMAN,OKYANUS ECZANESİ
ANK ERYAMAN,OPTIMUM ECZANESİ
ANK ERYAMAN,OZGUL ECZANESİ
ANK ERYAMAN,OZGUVEN ECZANESİ
ANK ERYAMAN,PARK YILDIZ ECZANESİ
ANK SINCAN GAZIOSMANPASA,SANCAK ECZANESİ
ANK ERYAMAN,SEDA YUKSEL ECZANESİ
ANK SINCAN ATATURK,SINCAN MEYDAN ECZANESİ
ANK SINCAN ATATURK,SINCAN YAGIZ ECZANESİ
YOZGAT MERKEZ,SOLMAZ ECZANESİ
ANK SINCAN ATATURK,TAI MERKEZ ECZANESİ
ANK SINCAN ATATURK,TUGCE ECZANESİ
ANK ERYAMAN,TUTKUN ECZANESİ
ANK ERYAMAN,ÜLKÜ ZEYNEP ECZANESİ
ANK SINCAN GAZIOSMANPASA,URDOGAN ECZANESİ
YOZGAT MERKEZ,USLU ECZANESİ
ANK ORTADOGU,VATAN ECZANESİ
YOZGAT GUNEY ILCELER,YAGMUR ECZANESİ
YOZGAT MERKEZ,YASAM ECZANESİ
ANK ERYAMAN,YASAMKENT ATA ECZANESİ
ANK ERYAMAN,YASAMKENT DOGA ECZANESİ
ANK ERYAMAN,YASAMKENT OZGE ECZANESİ
K.MARAS ELBISTAN,YASAMKENT REFABEY ECZANESİ
ANK ERYAMAN,YAZICI ECZANESİ
ANK ERYAMAN,YENI NERGIZ ECZANESİ
ANK ERYAMAN,YESILOVA ECZANESİ
ANK ERYAMAN,YUZBASI ECZANESİ
KONYA SELCUKLU - 4,ADAKALE ECZANESİ
KONYA SELCUKLU - 3,AKASYA ECZANESİ
KONYA SELCUKLU - 3,AKINBEY ECZANESİ
KONYA SELCUKLU - 6,AKSEN ECZANESİ
KONYA SELCUKLU - 3,AKSOY ECZANESİ
KONYA SELCUKLU - 3,ALTINDAĞ ECZANESİ
KONYA MERAM - 1,ANNEM ECZANESI
KONYA SELCUKLU - 2,AYDINLIK ECZANESİ
KONYA SELCUKLU - 3,AYSEL ECZANESİ
KONYA MERAM - 4,BARDAKÇI ECZANESİ
KONYA SELCUKLU - 3,BEYZA ECZANESİ
KONYA K.BATI ILCELER -1,CADDE BOSNA ECZANESİ
KONYA SELCUKLU - 3,ÇAĞLAR ECZANESİ
KONYA EREGLI+H.PINAR,DİNÇ ECZANESİ
KONYA SELCUKLU - 3,DOST ECZANESİ
KONYA KARATAY - 3,EBRU ESEROĞLU ECZANESİ
KONYA EREGLI+H.PINAR,EGE ECZANESİ
KONYA GUNEY ILCELER -1,EMRE ECZANESİ
KONYA KARATAY - 4,ENNTEPE ECZANESİ
KONYA SELCUKLU - 4,ERDEM ECZANESİ
KONYA SELCUKLU - 4,EREN ECZANESİ
KONYA MERAM - 3,ESEROĞLU ECZANESİ
KONYA MERAM - 4,EYÜP ÇINAR ECZANESİ
KONYA MERAM - 2,FATİH BOZKIR ECZANESİ
KONYA MERAM - 3,FATİH ECZANESİ
KONYA SELCUKLU - 3,FURKAN ECZANESİ
KONYA MERAM - 1,GALİP ECZANESİ
KONYA EREGLI+H.PINAR,GÜLBAHÇE ECZANESİ
KONYA SELCUKLU - 3,GÜLYİĞİT ECZANESİ
KONYA MERAM - 1,GÜRSOY ECZANESİ
KONYA SELCUKLU - 7,HACETTEPE ECZANESİ
KONYA SELCUKLU - 2,HAKYEMEZ ECZANESİ
KONYA SELCUKLU - 3,HANDE ECZANESİ
KONYA KARATAY - 3,İNCİ ECZANESİ
KONYA MERAM - 3,İZİ ECZANESİ
KONYA SELCUKLU - 7,KARAKAYA ECZANESİ
KONYA SELCUKLU - 2,KARAKURT ECZANESİ
KONYA KARATAY - 3,KIRMIZI ECZANESİ
KONYA SELCUKLU - 2,MEDİFARMA ECZANESİ
KONYA SELCUKLU - 3,MEKANI ŞİFA ECZANESİ
KONYA SELCUKLU - 3,MERVE ÇERŞİL ECZANESİ
KONYA SELCUKLU - 4,MURAT ECZANESİ
KONYA SELCUKLU - 7,NALÇACI BÜYÜK ECZANESİ
KONYA MERAM - 3,NEVA ECZANESİ
KONYA SELCUKLU - 3,NUR ECZANESİ
KONYA MERAM - 1,NURER ECZANESİ
KONYA SELCUKLU - 2,MUTLU ECZANESİ
KONYA SELCUKLU - 6,POYRAZ ECZANESİ
KONYA MERAM - 4,SAKALAK ECZANESİ
KONYA SELCUKLU - 3,SELÇUKLU ECZANESİ
KONYA KARATAY - 1,ŞENYUVA ECZANESİ
KONYA MERAM - 4,ŞİRİN ECZANESİ
KONYA EREGLI+H.PINAR,TURAN ECZANESİ
KONYA SELCUKLU - 2,TÜRKMEN ECZANESİ
KONYA MERAM - 1,UFUK ECZANESİ
KONYA SELCUKLU - 3,VİZYON ECZANESİ
KONYA EREGLI+H.PINAR,YÜCEL ECZANESİ
KONYA MERAM - 1,YUNUS ECZANESİ
KONYA K.BATI ILCELER -1,ZAFER ECZANESİ
KONYA MERAM - 3,ZEYNEP ECZANESİ
ANK BALGAT,1071 ECZANESİ
ANK OVECLER -2,ADIL ECZANESİ
ANK GOLBASI,AKASYA ECZANESİ
ANK HUZUR,ANADOLU ECZANESİ
ANK OVECLER -2,ATLAS ECZANESİ
ANK BALGAT,AURA ECZANESİ
ANK BAHCELIEVLER -2,BAHCELIEVLER ECZANESİ
ANK BALGAT,BALGAT HAKAN ECZANESİ
ANK SITELER,BALIK ECZANESİ
ANK GOLBASI,BAŞAK ECZANESİ
ANK YUKARI BAHCELIEVLER,BELIT ECZANESİ
ANK ORTADOGU,BEYZA ECZANESİ
ANK HUZUR,BEYZAM ECZANESİ
ANK YUKARI BAHCELIEVLER,BIHTER ECZANESİ
ANK BALGAT,BUKET ECZANESİ
ANK HUZUR,CADDE DİKMEN ECZANESİ
ANK ERYAMAN,CEPA ECZANESİ
ANK ORTADOGU,CIGDEM ECZANESİ
KIRIKKALE ILCELER,ÇINAR ECZANESİ
ANK CAMLIK,CINARLI ECZANESİ
ANK AYDINLAR,DIKMEN OMUR ECZANESİ
ANK SOLFASOL+PURSAKLAR,EKİCİ ECZANESİ
ANK BALGAT,ELIF ULUTAS ECZANESİ
ANK EMEK,EMEK ECZANESİ
ANK BALGAT,FITOFARM ECZANESİ
ANK GOLBASI,GÜZELTEPE ECZANESİ
ANK CUBUK,HAVALİMANI ECZANESİ
ANK BALGAT,HULYA AKKAN ECZANESİ
ANK OVECLER -1,IBRAHIM ETHEM ECZANESİ
ANK EMEK,ILKE ECZANESİ
ANK DIKMEN+ORAN,İNCEK IHLAMUR ECZANESİ
ANK GOLBASI,IREM ECZANESİ
ANK CAMLIK,KARAPURCEK ESENTEPE ECZANESİ
ANK ORTADOGU,KENT PARK ECZANESİ
ANK EMEK,KUTAY ECZANESİ
ANK ORTADOGU,MAIDAN KUZUCU ECZANESİ
ANK AYDINLAR,MAYIS ECZANESİ
ANK ORTADOGU,NATURA ECZANESİ
ANK GOLBASI,NURAL ECZANESİ
ANK CUBUK,ONUR ECZANESİ
ANK YUKARI BAHCELIEVLER,OSMAN COSKUN ECZANESİ
ANK ORTADOGU,ÖZGE ECZANESİ
ANK CAMLIK,SAGLIK ECZANESİ
ANK GOLBASI,SANTE PARK ECZANESİ
ANK GOLBASI,SELIN ECZANESİ
ANK BALGAT,SENA ECZANESİ
ANK ORTADOGU,SERENAY ECZANESİ
ANK EMEK,SUN ECZANESİ
ANK ETI+MALTEPE,TEMEL ECZANESİ
ANK AYDINLAR,TURKU ECZANESİ
HATAY HARABARASI,UZAY ECZANESİ
ANK CAYYOLU+UMIT,VISTA ECZANESİ
ANK ORTADOGU,VITAL FARMA ECZANESİ
ANK CUBUK,VITAMIN ECZANESİ
ANK CUBUK,YAPRAK ECZANESİ
ANK BALGAT,YDA CENTER ECZANESİ
ANK CUBUK,YELDA ECZANESİ
ANK BALGAT,YENI CUKURAMBAR ECZANESİ
ANK ORTADOGU,YENI GOKKUSAGI ECZANESİ
ANK OVECLER -2,ZEYNEP ECZANESİ
ANK BALGAT,AHILER ECZANESİ
ANK HILAL+SANCAK+Y.EVLER,AKCAN ECZANESİ
ANK OSTIM+INONU,ALI FUAT ECZANESİ
ANK HILAL+SANCAK+Y.EVLER,ALPER ARMAGAN ECZANESİ
ANK HILAL+SANCAK+Y.EVLER,ALTIN ORAN ECZANESİ
ANK ORMANCIFTLIGI,ANKAMALL ECZANESİ
ANK ERGAZI+BATI SITESI,ANKARA DILEK ECZANESİ
ANK ORMANCIFTLIGI,ARMADA METROPOL ECZANESİ
ANK OSTIM+INONU,ATAKENT BEYZA ECZANESİ
ANK ERGAZI+BATI SITESI,ATLANTIS ECZANESİ
ANK ORMANCIFTLIGI,BEREKET ECZANESİ
ANK ORMANCIFTLIGI,BESTEPE ECZANESİ
ANK DEMETEVLER -1,BIRINCI ECZANESİ
ANK KIZILAY -1,BOTANICA ECZANESİ
ANK ERGAZI+BATI SITESI,BOTANIK PARK ECZANESİ
ANK SINCAN GAZIOSMANPASA,BULVAR KIZILAY ECZANESİ
ANK ERGAZI+BATI SITESI,CAKIRLAR ECZANESİ
ANK OVECLER -2,OSTİM PRESTİJ ECZANESİ
ANK KIZILAY -2,COSKUN ECZANESİ
ANK ERGAZI+BATI SITESI,DENİZ ECZANESİ
ANK KIZILAY -1,ECESER ECZANESİ
ANK DIKMEN+ORAN,EFFECT ECZANESİ
ANK ORMANCIFTLIGI,ERSOY ECZANESİ
ANK KOCATEPE -2,FAZILET ECZANESİ
ANK OSTIM+INONU,FILIZ SU ECZANESİ
ANK ERGAZI+BATI SITESI,FUNDA ECZANESİ
ANK ERGAZI+BATI SITESI,GALA CADDE ECZANESİ
ANK OSTIM+INONU,GUNHAN ECZANESİ
ANK ERGAZI+BATI SITESI,IHLAMUR ECZANESİ
ANK OSTIM+INONU,IVEDIK BULVAR ECZANESİ
ANK ERGAZI+BATI SITESI,İSTANBUL ECZANESİ
ANK ERGAZI+BATI SITESI,KARCICEGI ECZANESİ
ANK ERGAZI+BATI SITESI,KASMIR ECZANESİ
ANKARA ZIRAAT,KIZILAY MERKEZ ECZANESİ
ANK OSTIM+INONU,KOC EKIM ECZANESİ
ANK ANITTEPE,KOZA SAGLIK ECZANESİ
ANK ORMANCIFTLIGI,KULE ECZANESİ
ANK OSTIM+INONU,KUMRULAR ECZANESİ
ANK HILAL+SANCAK+Y.EVLER,Kumru eczanesi
ANK SAMANPAZARI -1,LINDA ECZANESİ
YOZGAT MERKEZ,MEDICAGO KIZILAY ECZANESİ
ANK ORMANCIFTLIGI,MELIHAN ECZANESİ
ANK ANITTEPE,METROPOL ECZANESİ
ANK ERGAZI+BATI SITESI,MEYDAN BATIKENT ECZANESİ
ANK ETI+MALTEPE,MEYDAN KIZILAY ECZANESİ
ANK DEMETEVLER -1,NAKIPOGLU ECZANESİ
ANK DIKMEN+ORAN,ORAN GULCEM ECZANESİ
ANK ORMANCIFTLIGI,OZERCAN ECZANESİ
ANK ERGAZI+BATI SITESI,PAMUK ECZANESİ
ANK DIKMEN+ORAN,PANORA ECZANESİ
ANK ERGAZI+BATI SITESI,POLEN ECZANESİ
ANK DEMETEVLER -1,RABIA TUGBA ECZANESİ
ANK ERGAZI+BATI SITESI,SUSAM ECANESİ
ANK ERGAZI+BATI SITESI,TOKGOZ ECZANESİ
ANK ORMANCIFTLIGI,ULAS ECZANESİ
ANK KOCATEPE -1,ULKU ECZANESİ
ANK OSTIM+INONU,VELUX ECZANESİ
ANK ERYAMAN,VITA GOKSU ECZANESİ
ANK ORMANCIFTLIGI,YENI AKPLAZA ECZANESİ
ANK HILAL+SANCAK+Y.EVLER,ZEHRA ECZANESİ
IST K.SINAN CUMHURIYET,AKIN ECZANESİ
IST BAHCELIEVLER -2,ALP ECZANESİ
IST BAHCELIEVLER -1,ANIL ECZANESİ
IST BAHCELIEVLER -1,ANKA ECZANESİ
IST HAZNEDAR,ARI ECZANESİ
IST GURPINAR,ATAÇ ECZANESİ
IST IKITELLI,ATAKENT ECZANESİ
IST IKITELLI,BAHAR ECZANESİ
IST HAZNEDAR,BANU ECZANESİ
IST SEFAKOY-2,BARIŞ ECZANESİ
IST BAHCELIEVLER -1,BORA ECZANESİ
IST IKITELLI,BOSPHORUS CITY ECZANESİ
IST CENNET+YESILOVA,CADDEPARK ECZANESİ
IST AKINCILAR+GUVEN,ÇAĞRI ECZANESİ
IST BAHCELIEVLER -1,ÇALIŞLAR ECZANESİ
IST CUMHURIYET+YENI,ÇETİNKAYA ECZANESİ
IST K.SINAN CUMHURIYET,CUMHURİYET EMRE ECZANESİ
IST YENIBOSNA -2,DİLEK ECZANESİ
IST SIRINEVLER -3,DOĞA ECZANESİ
IST CUMHURIYET+YENI,EGELİ ECZANESİ
IST IKITELLI,ERDEM ECZANESİ
IST KANARYA,ERKAM ECZANESİ
IST IKITELLI,ERTEM ECZANESİ
IST IKITELLI,ESİN ECZANESİ
IST SEFAKOY-2,EZGİ ECZANESİ
IST SIRINEVLER -3,FATİH KIVANÇ ECZANESİ
IST IKITELLI,FUNDA ECZANESİ
IST IKITELLI,GÜLER ECZANESİ
IST YENIBOSNA -1,GÜNDOĞDU ECZANESİ
IST SEFAKOY-1,GÜNEYSU ECZANESİ
IST HALKALI,HALKALI GÜLER ECZANESİ
IST IKITELLI,HALKALI HİLAL ECZANESİ
IST CENNET+YESILOVA,HAYAT CENNET ECZANESİ
IST HALKALI,IHLAMUR ECZANESİ
IST YENIBOSNA -1,İLAYDA ECZANESİ
IST K.SINAN CUMHURIYET,IŞIK ECZANESİ
IST IKITELLI,KARDELEN ECZANESİ
IST SIRINEVLER -3,KOZA ECZANESİ
IST IKITELLI,LİMON ECZANESİ
IST SEFAKOY-1,LOTUS ECZANESİ
IST K.SINAN CUMHURIYET,MAHMUTBEY CADDE ECZANESİ
IST HALKALI,MEYDAN ECZANESİ
IST IKITELLI,NAS ECZANESİ
IST BAHCELIEVLER -1,NİL ECZANESİ
IST SIRINEVLER -3,POLAT ECZANESİ
IST BAHCELIEVLER -2,POLEN ECZANESİ
IST SEFAKOY-1,SEDEF UYAR ECZANESİ
IST HAZNEDAR FEVZICAKMAK,SEVİNÇ ECZANESİ
IST YENIBOSNA -2,STARCİTY ECZANESİ
IST BAHCELIEVLER -1,SU ECZANESİ
IST SIRINEVLER -3,ŞULE ECZANESİ
IST IKITELLI,TEMAPARK ECZANESİ
IST CUMHURIYET+YENI,TEPEÜSTÜ SEVİNÇ ECZANESİ
IST IKITELLI,VİTAMİN ECZANESİ
IST SEFAKOY-2,VİVA ECZANESİ
IST YENIBOSNA -1,YEDİTEPE ECZANESİ
IST SEFAKOY-2,YENİ HAYAT ECZANESİ
IST YENIBOSNA -1,YENİBOSNA HAYAT ECZANESİ
IST CENNET+YESILOVA,YİĞİT ECZANESİ
IST MAHMUTBEY+ISTOC,212 SIMYA ECZANESİ
IST MALTEPE+M.EFENDI,AVRUPA KALE ECZANESİ
IST GOZTEPE+100.YIL,AYSE ECZANESİ
IST GOZTEPE+100.YIL,BAGCILAR GUMUS ECZANESİ
IST BAGCILARMERKEZ+CINAR,BAGCILAR MERKEZ ECZANESİ
IST KIRAZLI FEVZICAKMAK,BAL ECZANESİ
IST MAHMUTBEY+ISTOC,BELLIS ECZANESİ
IST SANCAKTEPE+Y.SELIM,BESIKCI ECZANESİ
IST DEMIRKAPI+FATIH,BILGIN ECZANESİ
IST GUNESTEPE,BIZIM ISTANBUL ECZANESİ
IST DEMIRKAPI+FATIH,CARE ECZANESİ
IST KARABAYIR,CEMRE ECZANESİ
IST MAHMUTBEY+ISTOC,DAFFNE ECZANESİ
IST SANCAKTEPE+Y.SELIM,DEMET ECZANESİ
IST SANCAKTEPE+Y.SELIM,DENIZ ECZANESİ
IST YENIGUN+YILDIZTEPE,DILEK ECZANESİ
IST ISMETPASA+MURATPASA,ELCIOGLU ECZANESİ
IST KIRAZLI FEVZICAKMAK,EMIN ECZANESİ
IST ISMETPASA+MURATPASA,EMRE ECZANESİ
IST DEMIRKAPI+FATIH,EMRE ECZANESİ
IST GUNESLI EVREN+BAGLAR,ERZURUM ECZANESİ
IST NAMIK KEMAL+SANAYI,ESER ECZANESİ
IST BAGCILARMERKEZ+CINAR,ESMA ECZANESİ
IST INONU+K.KARABEKIR,FARUK ECZANESİ
IST KARTALTEPE+KOCATEPE,FORUM ISTANBUL ECZANESİ
IST ISMETPASA+MURATPASA,FURKAN ECZANESİ
IST GUNESLI EVREN+BAGLAR,G-PLUS ECZANESİ
IST GOZTEPE+100.YIL,GOZTEPE ECZANESİ
IST DEMIRKAPI+FATIH,GULEC ECZANESİ
IST BAGCILARMERKEZ+CINAR,GÜLER ECZANESİ
IST MAHMUTBEY+ISTOC,GUNESLI PARK ECZANESİ
IST GUNESTEPE,GUNESTEPE ECZANESİ
IST KIRAZLI FEVZICAKMAK,HISAR ECZANESİ
IST MAHMUTBEY+ISTOC,KADIR TAS ECZANESİ
IST GUNESLI EVREN+BAGLAR,KARDELEN ECZANESİ
IST NAMIK KEMAL+SANAYI,MAY ECZANESİ
IST BAGCILARMERKEZ+CINAR,MAY ECZANESİ
IST BAGCILARMERKEZ+CINAR,MELEK ECZANESİ
IST INONU+K.KARABEKIR,MERCAN ECZANESI
IST BAGCILARMERKEZ+CINAR,MERKEZ SIFA ECZANESİ
IST INONU+K.KARABEKIR,MIRAN ECZANESİ
IST CEVATPASA+YILDIRIM,MOSTAR ECZANESİ
IST KIRAZLI FEVZICAKMAK,MURAT ECZANESİ
IST GOZTEPE+100.YIL,OTOCENTER ECZANESİ
IST SANCAKTEPE+Y.SELIM,OZGEM ECZANESİ
IST KARTALTEPE+KOCATEPE,OZLEM ECZANESİ
IST DEMIRKAPI+FATIH,REFERANS ECZANESİ
IST INONU+K.KARABEKIR,SAMUR ECZANESİ
IST SANCAKTEPE+Y.SELIM,SANCAKTEPE ECZANESİ
IST ALTINTEPSI+TERAZIDER,SAROGLU ECZANESİ
IST KIRAZLI FEVZICAKMAK,SEMIH ECZANESİ
IST BAGCILARMERKEZ+CINAR,SENANUR ECZANESİ
IST KIRAZLI FEVZICAKMAK,SIFA ECZANESİ
IST MALTEPE+M.EFENDI,TİMUÇİN ECZANESİ
IST SANCAKTEPE+Y.SELIM,TUNCAY ECZANESİ
IST ISMETPASA+MURATPASA,VİTAMİN ECZANESİ
IST KIRAZLI FEVZICAKMAK,YAŞAR ECZANESİ
IST GUNESLI EVREN+BAGLAR,YENİ MERVE ECZANESİ
IST INONU+K.KARABEKIR,YENİ SENA ECZANESİ
IST YENIGUN+YILDIZTEPE,YENİGÜN ŞİFA ECZANESİ
IST KARAGUMRUK -1,AKŞEMSETTİN ECZANESİ
IST OKMEYDANI+SEYRANTEPE,AYDA ECZANESİ
IST KARAGUMRUK -1,DOĞAN ARAS ECZANESİ
IST DUATEPE,EDA ECZANESİ
IST DUATEPE,EMİN ECZANESİ
IST CAGLAYAN+GURSEL,EMRE ECZANESİ
IST CIHANGIR,ENES ECZANESİ
IST SISLI -1,FURKAN ECZANESİ
IST BEYOGLU,GALATA AYDAN ECZANESİ
IST K.BAKKALKOY+Y.SAHRA,GALATA PALAS ECZANESİ
MUGLA BODRUM -3,GALATAPORT İSTANBUL ECZANESİ
IST CAGLAYAN+GURSEL,GÖZDE ECZANESİ
IST GUMUSSUYU,GÜMÜŞSUYU ECZANESİ
IST MIMAROBA+SINANOBA,HALASKARGAZİ ECZANESİ
IST SISLI -2,ILGIN ECZANESİ
IST SIRINTEPE,İPEK ÖZTÜRK
IST GUMUSSUYU,İREM ECZANESİ
IST GUMUSSUYU,İSTANBUL CİTY ECZANESİ
IST SISLI -2,İSTANBUL ECZANESİ
IST BEYOGLU,İSTİKLAL CADDE ECZANESİ
IST BEYOGLU,İSTİKLAL ECZANESİ
IST GUMUSSUYU,ITIR ECZANESİ
IST CERRAHPASA -3,KAĞITHANE METRO ECZANESİ
IST BEYOGLU,LEVENT BAYYURT ECZANESİ
IST DUATEPE,MUMCU ECZANESİ
IST OKMEYDANI+SEYRANTEPE,NEŞE ECZANESİ
IST CIHANGIR,NURAY ECZANESİ
IST KASIMPASA,OĞUZ ECZANESİ
IST SISLI -1,OKMEYDANI DENİZ ECZANESİ
IST HASKOY+SUTLUCE,ÖMÜR ECZANESİ
IST HASKOY+SUTLUCE,ORKİDEM ECZANESİ
IST KARADOLAP+YESILPINAR,ÖVGÜ ECZANESİ
IST KARADOLAP+YESILPINAR,ÖZER ECZANESİ
IST KARADOLAP+YESILPINAR,ÖZLEM ECZANESİ
IST BEYOGLU,PERA ECZANESİ
IST SISLI -1,PERPA ECZANESİ
IST CAGLAYAN+GURSEL,PEYKHANE ECZANESİ
IST OKMEYDANI+SEYRANTEPE,PINAR ECZANESİ
IST HASKOY+SUTLUCE,PİYALEPAŞA ECZANESİ
IST ESENTEPE+GULBAHAR,PROFİLO ECZANESİ
IST CIHANGIR,REBUL 1895 ECZANESİ
IST CAGLAYAN+GURSEL,SAFA ECZANESİ
IST SISLI -2,SIRACEVİZLER ECZANESİ
IST SISLI -2,ŞİŞLİ FULYA ECZANESİ
IST SISLI -2,ŞİŞLİ MANOLYA ECZANESİ
IST SISLI -2,ŞİŞLİ YAŞAM ECZANESİ
IST GUMUSSUYU,TAKSİM ÇİÇEK ECZANESİ
IST GUMUSSUYU,TAKSİM MAYA ECZANESİ
IST GUMUSSUYU,TAKSİM MEYDAN ECZANESİ
IST HARAMIDERE+KIRAC,TAKSİM PALAS ECZANESİ
IST GOP ARNAVUTKOY,TAKSİM PERA ECZANESİ
IST CIHANGIR,TAKSİM ŞULE ECZANESİ
IST GUMUSSUYU,TAKSİM TALİMHANE ECZANESİ
IST BEYOGLU,TÜNEL ECZANESİ
IST KARAGUMRUK -2,YAŞAM ECZANESİ
IST KARADOLAP+YESILPINAR,YENİ DERMAN ECZANESİ
IST SISLI -2,YENİ ŞİŞLİ ITIR ECZANESİ
IST HASKOY+SUTLUCE,YONCA ECZANESİ
IST SILIVRI+KAVAKLI,AKASYA ECZANESİ
IST HARAMIDERE+KIRAC,AKDEMİR ECZANESİ
IST HARAMIDERE+KIRAC,AZUR ECZANESİ
IST HARAMIDERE+KIRAC,BAL ECZANESİ
IST SILIVRI+KAVAKLI,BAŞARAN ECZANESİ
IST HARAMIDERE+KIRAC,BEYLİK ECZANESİ
IST GURPINAR,BEYLİKDÜZÜ ECZANESİ
IST GURPINAR,BOĞAZİÇİ ECZANESİ
ANK DOGU ILCELER,BÜYÜKŞEHİR ECZANESİ
IST GURPINAR,CADDE ECZANESİ
IST SILIVRI+KAVAKLI,ÇINAR ECZANESİ
IST HARAMIDERE+KIRAC,DERMAN ECZANESİ
IST GUMUSYAKA+CANTA,DERYA ECZANESİ
IST HARAMIDERE+KIRAC,DURMAZ ECZANESİ
IST SILIVRI+KAVAKLI,ECEM ECZANESİ
IST HARAMIDERE+KIRAC,EGENUR ECZANESİ
IST HARAMIDERE+KIRAC,ELMA ECZANESİ
IST HARAMIDERE+KIRAC,ENERJİ ECZANESİ
IST HARAMIDERE+KIRAC,ESMA YAVUZKOL ECZANESI
IST SILIVRI+KAVAKLI,GAMZE ECZANESİ
IST SILIVRI+KAVAKLI,GÖKOĞLU ECZANESİ
IST KARABAYIR,HAKAN ECZANESİ
IST HARAMIDERE+KIRAC,HANDE ECZANESİ
IST HARAMIDERE+KIRAC,IRMAKLAR ECZANESİ
IST SILIVRI+KAVAKLI,İSTANBUL ECZANESİ
IST HARAMIDERE+KIRAC,İYİ YAŞAM ECZANESİ
IST SILIVRI+KAVAKLI,KAPTAN ECZANESİ
IST HARAMIDERE+KIRAC,KAYCİ ECZANESİ
IST GUMUSYAKA+CANTA,KONAK ECZANESİ
IST HARAMIDERE+KIRAC,KRİSTALŞEHİR RANA ECZANESİ
IST GUMUSYAKA+CANTA,MACİTER ECZANESİ
IST HARAMIDERE+KIRAC,MARİNA ECZANESİ
IST HARAMIDERE+KIRAC,MARKA CİTY ECZANESİ
IST GURPINAR,MARMARA ECZANESİ
IST GUMUSYAKA+CANTA,MERKEZ ECZANESİ
IST GURPINAR,MERKEZ EFENDİ ECZANESİ
IST HARAMIDERE+KIRAC,ÖNDER ECZANESİ
IST HARAMIDERE+KIRAC,PELİNSU ECZANESİ
IST HARAMIDERE+KIRAC,POZİTİF ECZANESİ
IST HARAMIDERE+KIRAC,RUMELİ ECZANESİ
IST GUMUSYAKA+CANTA,SAFA ECZANESİ
IST HARAMIDERE+KIRAC,SAFİR PARK ECZANESİ
IST HARAMIDERE+KIRAC,SEMERKAND LİNE ECZANESİ
IST MIMAROBA+SINANOBA,SÖZMEN ECZANESİ
IST HARAMIDERE+KIRAC,STORY ECZANESİ
IST HARAMIDERE+KIRAC,SUEDA ECZANESİ
IST HARAMIDERE+KIRAC,VADİ ECZANESİ
IST GUMUSYAKA+CANTA,VEFA ECZANESI
IST GURPINAR,YAŞAR ECZANESİ
IST MIMAROBA+SINANOBA,AVRUPA VİTAMİN ECZANESİ
IST HARAMIDERE+KIRAC,BEYAZCİTY SERAP ECZANESİ
IST HARAMIDERE+KIRAC,KAMEROGLU BOTANİK ECZANESİ
IST GURPINAR,MEDİ ECZANESİ
IST GURPINAR,PAPATYA ECZANESİ
IST SILIVRI+KAVAKLI,SAĞLIK ECZANESİ
IST GUMUSYAKA+CANTA,SİLİVRİ CAN ECZANESİ
IST HARAMIDERE+KIRAC,YEŞİM ECZANESİ
IST SILIVRI+KAVAKLI,YÜKSEL ECZANESİ
IST HARAMIDERE+KIRAC,EGE ECZANESİ
IST GURPINAR,IHLAMUR ECZANESİ
IST BUYUKDERE+TARABYA,4 LEVENT METRO ECZANESI
IST ALIBEYKOY,5 LEVENT ECZANESI
IST KURTULUS,KONAK ECZANESİ
IST TESVIKIYE,ALTIN ECZANESI
IST ESENTEPE+GULBAHAR,BEGUM ECZANESI
IST MURADIYE+VISNEZADE,BUYUK BESIKTAS ECZANESI
IST ALIBEYKOY,AYSUN ECZANESİ
IST ALIBEYKOY,CARE ECZANESI
IST ABBASAGA+TURKALI,ÇAYIRCIOĞLU ECZANESI
IST SISLI 19 MAYIS,CEVAHIR ECZANESI
IST MURADIYE+VISNEZADE,RÜZGAR ECZANESİ
IST KURTULUS,CUMHURIYET ECZANESI
IST ALIBEYKOY,DERYA KAYA ECZANESI
IST ALIBEYKOY,DINC ECZANESI
IST TESVIKIYE,DURUSÜT ECZANESI
IST CELIKTEPE,EFEOGLU ECZANESI
IST ESENTEPE+GULBAHAR,EMINELLER ECZANESI
IST BALMUMCU+GAYRETTEPE,ESENTEPE UMIT ECZANESI
IST FULYA,FORMÜL ECZANESİ 
IST FULYA,FULYA BADEM ECZANESI
IST HARBIYE,FULYA ECZANESI
IST SISLI 19 MAYIS,FULYA YASAM ECZANESI
IST CAGLAYAN+GURSEL,GOKSU ECZANESI
IST ALIBEYKOY,GOKTURK ECZANESI
IST BALMUMCU+GAYRETTEPE,GURDAG ECZANESI
IST KURTULUS,HALK ECZANESI
IST KURTULUS,HARBIYE ECZANESI
IST ABBASAGA+TURKALI,HARMONY ECZANESI
IST BALMUMCU+GAYRETTEPE,ILAYDA ECZANESI
IST TESVIKIYE,İNAL ECZANESİ
IST CELIKTEPE,ISTANBUL ECZANESI
IST ESENTEPE+GULBAHAR,KANYON ECZANESI
IST ALIBEYKOY,LARUS ECZANESI
IST MALTEPE+M.EFENDI,SOYSAL ECZANESİ
IST ESENTEPE+GULBAHAR,LEVENT ECZANESİ
IST KURTULUS,LOTUS ECZANESI
IST HARBIYE,MACKA ECZANESI
IST KURTULUS,MAVI ECZANESI
IST GULTEPE,MUSTAFA AVCI ECZANESİ
IST BASAKSEHIR+A.SEHIR,NISANTASI
IST TESVIKIYE,NISANTASI FEYZA ECZANESI
IST BALMUMCU+GAYRETTEPE,OZDEN ECZANESI
IST HARAMIDERE+KIRAC,PERLA ECZANESİ
IST GULTEPE,BARIŞ ECZANESİ
IST HARBIYE,RUMELI 70 ECZANESI
IST HARBIYE,RUMELI DESEN ECZANESI
IST EYUP,SAFA ECZANESİ
IST ALIBEYKOY,SEDEF ECZANESI
IST HARBIYE,SELAY ECZANESI
IST KURTULUS,SİBEL GULUZADE ECZANESİ
IST HARBIYE,ŞİFA ECZANESİ
IST IZZETPASA+KUSTEPE,ŞİŞLİ ALTUĞ ECZANESİ
IST TESVIKIYE,SUTSEVER ECZANESI
IST ALIBEYKOY,TALYA ECZANESI
IST MURADIYE+VISNEZADE,TESVIKIYE ALTUG ECZANESI
IST TESVIKIYE,TESVIKIYE ECZANESI
IST MURADIYE+VISNEZADE,BENGİ ECZANESİ
IST ALIBEYKOY,TUNCER ECZANESİ
IST BAHCESEHIR+ESENKENT,KEMERBURGAZ ARIUM ECZANESİ
IST TESVIKIYE,VALIKONAGI ECZANESI
IST GOP GAZI,AILE ECZANESİ
IST GOP BAGLARBASI,AKDENIZ ECZANESİ
IST GOP KARAYOLLARI,ALPER ECZANESİ
IST GOP KARAYOLLARI,AVRUPA KONUTLARI FIGEN ECZANES
IST GOP SEMSIPASA,AYDOGDU ECZANESİ
IST GOP SEMSIPASA,BAL ECZANESİ
IST GOP ARNAVUTKOY,BATISEHIR ECZANESİ
IST GOP KARAYOLLARI,BOGAZICI ECZANESİ
IST GOP BAGLARBASI,CADDE ECZANESİ
IST GOP GAZI,CAGATAY ECZANESİ
IST GOP KARADENIZ,CAKIR ECZANESİ
IST GOP SEMSIPASA,CAN ECZANESİ
IST GOP ARNAVUTKOY,CANAN ARNAVUTKOY ECZANESİ
IST GOP BAGLARBASI,CAYMAZER ECZANESİ
IST GOP BAGLARBASI,DEFNE ECZANESİ
IST GOP GAZI,DIDEM ECZANESİ
IST GOP GAZI,EFE ECZANESİ
IST GOP KARAYOLLARI,ELITEZ ECZANESİ
IST GOP BAGLARBASI,ERENŞEN ECZANESİ
IST GOP KARAYOLLARI,ERTUMER ECZANESİ
IST GOP GAZI,ESENTEPE ECZANESİ
IST GOP SEMSIPASA,ESSENORA ECZANESİ
IST GOP ARNAVUTKOY,FURKAN ECZANESİ
IST GOP KARAYOLLARI,GENC ECZANESİ
IST ATISALANI -2,GOKCIN ECZANESİ
IST GOP ARNAVUTKOY,GÜNEŞ ECZANESİ
IST GOP BAGLARBASI,GURCUOGLU ECZANESİ
IST GOP KARADENIZ,HALE ECZANESİ
IST GOP SULTANCIFTLIGI,HASEKI ECZANESİ
IST GOP BAGLARBASI,HASHASLAR ECZANESİ
IST GOP SEMSIPASA,IKIZLER ECZANESİ
IST GOP ARNAVUTKOY,INTERNATIONAL ECZANESİ
IST GOP ARNAVUTKOY,ISTANBUL AIRPORT ECZANESİ
IST GOP KARAYOLLARI,KAHVECIOGLU TEM ECZANESİ
IST GOP SULTANCIFTLIGI,LOKMAN ECZANESİ
IST GOP SULTANCIFTLIGI,MARMARA ECZANESİ
IST GOP ARNAVUTKOY,MAVIGOL BUSRA ECZANESİ
IST GOP GAZI,MAYA ECZANESİ
IST ESENTEPE+GULBAHAR,MENDERES ECZANESİ
IST GOP KARAYOLLARI,MEVLANA ECZANESİ
IST GOP GAZI,NANE LIMON ECZANESİ
IST GOP SEMSIPASA,OGUZ ECZANESİ
IST ATISALANI -1,OZLEM ECZANESİ
IST GOP SEMSIPASA,OZTURK ECZANESİ
IST GOP KARADENIZ,PAMUKKALE ECZANESİ
IST GOP KARADENIZ,PASACAYIRI ECZANESİ
IST GOP BAGLARBASI,RAIM ECZANESİ
IST GOP BAGLARBASI,SAHIN ECZANESİ
IST GOP KARAYOLLARI,SAYGIN ECZANESİ
IST MENDERES,SEHRI SIFA ECZANESİ
IST GOP BAGLARBASI,SULTAN ECZANESİ
IST GOP SULTANCIFTLIGI,SULTANGAZI ECZANESİ
IST MENDERES,TURKAN ASLAN ECZANESİ
IST ATISALANI -1,ULU ECZANESİ
IST GOP KARADENIZ,VENEZIA ECZANESİ
IST GOP BAGLARBASI,VITAMIN ECZANESİ
IST GOP ISMETPASA,YASAR ECZANESİ
IST GOP GAZI,ZEYNEP ECZANESİ
IST GOP KARAYOLLARI,ACİL ŞİFA ECZANESİ
IST GOP KARAYOLLARI,AVRUPA TEM ECZANESİ
KIRKLARELI LULEBURGAZ -2,AKIN ECZANESİ
TEKIRDAG CORLU -2,ALTINOK ECZANESİ
KIRKLARELI LULEBURGAZ -2,ATASOY ECZANESİ
TEKIRDAG CORLU -2,BAHAR ECZANESİ
TEKIRDAG CORLU -2,BAHÇELİEVLER ECZANESİ
EDIRNE SARICAPASA,BALKAN ECZANESİ
KIRKLARELI MERKEZ -2,BARIŞ ECZANESİ
TEKIRDAG CORLU -2,BERK ECZANESİ
EDIRNE SARICAPASA,BERKAY ECZANESİ
TEKIRDAG CERKEZKOY,BEYKENT ECZANESİ
TEKIRDAG CERKEZKOY,BUSE ECZANESİ
TEKIRDAG CERKEZKOY,CANSU ECZANESİ
EDIRNE KESAN,CARSI ECZANESİ
TEKIRDAG CERKEZKOY,CIGDEM ECZANESİ
TEKIRDAG CORLU -2,DEMIR ECZANESİ
TEKIRDAG CORLU -2,DEVA ECZANESİ
TEKIRDAG MERKEZ -1,DEVA ECZANESİ
EDIRNE SARICAPASA,DOKTOROGLU ECZANESİ
TEKIRDAG MERKEZ -2,DORA ECZANESİ
EDIRNE SABUNI+TALATPASA,EDIRNE CENT ECZANESİ
EDIRNE SARICAPASA,EREN SAVASCI ECZANESİ
TEKIRDAG CERKEZKOY,ESRA ECZANESİ
EDIRNE SARICAPASA,GIZEM BIRKAN ECZANESİ
TEKIRDAG MERKEZ -3,GOLGE ECZANESİ
TEKIRDAG CERKEZKOY,GOZDE ECZANESİ
TEKIRDAG MERKEZ -2,GULSEREN ECZANESİ
KIRKLARELI MERKEZ -1,GÜNEŞ ECZANESİ
EDIRNE KUZEY ILCELER,GUNESIM ECZANESİ
TEKIRDAG SARAY,GURAY ECZANESİ
KIRKLARELI LULEBURGAZ -2,GÜRPINAR ECZANESİ
TEKIRDAG CORLU -2,HAVUZLAR ECZANESİ
KIRKLARELI LULEBURGAZ -2,ILAC EVI ECZANESİ
TEKIRDAG MERKEZ -2,IPEK ECZANESİ
TEKIRDAG CORLU -2,ISIK ECZANESİ
KIRKLARELI LULEBURGAZ -2,KARAPINAR ECZANESİ
TEKIRDAG CERKEZKOY,KARDELEN ECZANESİ
TEKIRDAG CORLU -1,KORKMAZ ECZANESİ
TEKIRDAG CERKEZKOY,KOSEM ECZANESİ
TEKIRDAG CORLU -2,MELIS ECZANESİ
TEKIRDAG MERKEZ -2,MERIC ECZANESİ
TEKIRDAG CERKEZKOY,MUTLU ECZANESİ
TEKIRDAG CERKEZKOY,NİDA ECZANESİ
TEKIRDAG SARAY,NIL ECZANESİ
EDIRNE SARICAPASA,PAMUK ECZANESİ
TEKIRDAG MERKEZ -2,PERIZAT ECZANESİ
TEKIRDAG MERKEZ -2,RODOSTO ECZANESİ
TEKIRDAG CORLU -2,SAYGI ECZANESİ
TEKIRDAG CERKEZKOY,SEN ECZANESİ
IST KARAGUMRUK -1,CADDE39 ECZANESİ
KIRKLARELI B.ESKI+P.KOY,SILA ECZANESİ
TEKIRDAG CERKEZKOY,TEPE ECZANESİ
TEKIRDAG CORLU -2,TUNA ECZANESİ
EDIRNE SARICAPASA,UYGAR ECZANESİ
TEKIRDAG CERKEZKOY,VELIKOY ECZANESİ
TEKIRDAG EREGLI,YAKUT TAN ECZANESİ
TEKIRDAG EREGLI,YENI CIFTLIK ECZANESİ
TEKIRDAG CERKEZKOY,YILMAZ ECZANESİ
TEKIRDAG CERKEZKOY,ZELİŞ ECZANESİ
EDIRNE SARICAPASA,ÖZGÜR ECZANESİ
TEKIRDAG CORLU -2,DÜNYA ECZANESİ
IST BASAKSEHIR+A.SEHIR,BAŞAK ECZANESİ
IST ESENYURT,SEMBOL ECZANESİ
IST BASAKSEHIR+A.SEHIR,EBRULI ECZANESİ
IST ESENYURT,ISTANBUL GUNES ECZANESİ
IST BASAKSEHIR+A.SEHIR,KENT MEYDANI ECZANESİ
IST BASAKSEHIR+A.SEHIR,GUNAL ECZANESİ
IST BASAKSEHIR+A.SEHIR,DEVA ECZANESİ
IST BASAKSEHIR+A.SEHIR,AVRUPA ECZANESİ
IST BAHCESEHIR+ESENKENT,NEVAL BIRICIK ECZANESİ
IST ESENYURT,HEP ISTANBUL ECZANESİ
IST BAHCESEHIR+ESENKENT,BOGAZKOY ECZANESİ
IST BAHCESEHIR+ESENKENT,FLORA ECZANESİ
IST ESENYURT,TORIUM ECZANESİ
IST ESENYURT,CADDE ECZANESİ
IST BASAKSEHIR+A.SEHIR,MALL OF ISTANBUL ECZANESİ
IST BASAKSEHIR+A.SEHIR,AGAOGLU MY WORLD ECZANESİ
IST BAHCESEHIR+ESENKENT,AKBATI ECZANESİ
IST BAHCESEHIR+ESENKENT,SEVINC SENEL OZDEMIR ECZANESİ
IST B.CEKMECE FATIH,LA VIDA ECZANESİ
IST ESENYURT,IDIL ECZANESİ
IST BAHCESEHIR+ESENKENT,BAHCESEHIR PARK ECZANESİ
IST BAHCESEHIR+ESENKENT,ISTANBUL ECZANESİ
IST B.CEKMECE FATIH,ALKENT 2000 ECZANESİ
SANLIURFA KUZEY ILCELER,BAYLAN ECZANESİ
IST FIRUZKOY+KEMALPASA,KULE ECZANESİ
IST BASAKSEHIR+A.SEHIR,HAYAT ECZANESİ
IST BASAKSEHIR+A.SEHIR,ELIF ASLAN ECZANESİ
IST FIRUZKOY+KEMALPASA,PINAR GUNAL ECZANESİ
IST BAHCESEHIR+ESENKENT,PHARMALIZ ECZANESİ
DIYARBAKIR BATI ILCELER,PAPATYA ECZANESİ
IST BAHCESEHIR+ESENKENT,BERRIN ECZANESİ
IST BAHCESEHIR+ESENKENT,HAN ECZANESİ
IST ESENYURT,AKASYA ECZANESİ
IST BAHCESEHIR+ESENKENT,EGE ECZANESİ
IST BAHCESEHIR+ESENKENT,GOLET ECZANESİ
IST BASAKSEHIR+A.SEHIR,SAMLAR ECZANESİ
IST BASAKSEHIR+A.SEHIR,KEMAL ECZANESİ
IST BAHCESEHIR+ESENKENT,BAHCEKENT ECZANESİ
IST BASAKSEHIR+A.SEHIR,HAYAT PARK ECZANESİ
IST BASAKSEHIR+A.SEHIR,BULVAR ISTANBUL ECZANESİ
IST BAHCESEHIR+ESENKENT,ILGIN ECZANESİ
IST BASAKSEHIR+A.SEHIR,KAYASEHIR ECZANESİ
IST BASAKSEHIR+A.SEHIR,PELIN ECZANESİ
IST B.CEKMECE FATIH,FUNDA ECZANESİ
IST CATALCA,NANE LIMON ECZANESİ
IST ESENYURT,NEŞEM ECZANESİ
IST KUMBURGAZ,KUMBURGAZ ECZANESİ
IST BASAKSEHIR+A.SEHIR,ARTERIUM ECZANESİ
IST BASAKSEHIR+A.SEHIR,SERDESTE ECZANESİ
IST GURPINAR,TOSKANA ECZANESİ
IST BASAKSEHIR+A.SEHIR,AKASYA ECZANESİ
IST BAHCESEHIR+ESENKENT,SU ECZANESİ
IST BAHCESEHIR+ESENKENT,TUTKU ECZANESİ
KONYA SELCUKLU - 3,BİZİM EVLER ECZANESİ
IST ESENYURT,HAYAT ECZANESİ
IST BASAKSEHIR+A.SEHIR,VİŞNE ECZANESİ
IST BAHCESEHIR+ESENKENT,AHSEN ECZANESİ
IST MIMAROBA+SINANOBA,GÖNÜLDEN ECZANESİ
IST BASAKSEHIR+A.SEHIR,KARAKUŞ ECZANESİ
IST B.CEKMECE FATIH,CEYLAN ECZANESİ
IST ATAKOY+SENLIKKOY,AKVARYUM ECZANESİ
IST ATAKOY+SENLIKKOY,ATAKÖY ZUHAL
IST ATAKOY+SENLIKKOY,ATRİUM
IST FIRUZKOY+KEMALPASA,BADEM ECZANESİ
IST ATAKOY+SENLIKKOY,BAKIRKÖY AROMA
IST BESTELSIZ,BATI TRAKYA ECZANESİ
DENIZLI MERKEZ - 10,BAYRAKTAR
IST CIRPICI+VELIEFENDI,BEYAZ ECZANESİ
IST GOKALP+YESILTEPE,BÜYÜK YALI
IST KAZLICESME,ÇAĞLAR
IST ATAKOY+SENLIKKOY,CAPACİTY ECZANESİ
IST OSMANIYE,CEYLAN ECZANESİ
IST CIRPICI+VELIEFENDI,ÇIRPICI KARADENİZ
IST D.KOSKLER+GUMUSPALA,DEMİR ECZANESİ
IST ZUHURATBABA -2,DEVA ECZANESİ
IST D.KOSKLER+GUMUSPALA,EKİN
IST ATAKOY+SENLIKKOY,EKŞİNAR
IST CIRPICI+VELIEFENDI,FARİS ECZANESİ
IST D.KOSKLER+GUMUSPALA,FEYZA ECZANESİ
IST ATAKOY+SENLIKKOY,GALERİA
IST D.KOSKLER+GUMUSPALA,GELİNCİK
IST YESILKOY+YESILYURT,GÜN ECZANESİ
IST ATAKOY+SENLIKKOY,HİJENYA
IST ATAKOY+SENLIKKOY,İNAN
IST ZEYTINLIK,IŞIL ECZANESİ
IST NURIPASA+SUMER,İSTASYON ECZANESİ
IST D.KOSKLER+GUMUSPALA,KAMER
IST AVCILAR MERKEZ,KOCABAY ECZANESİ
IST FIRUZKOY+KEMALPASA,LİMON ECZANESİ
IST NURIPASA+SUMER,LOCA MAHAL
IST GOKALP+YESILTEPE,LOKMAN HEKİM
IST ZEYTINLIK,LOKMAN HEKİM ECZANESİ
IST OSMANIYE,MARMARA FORUM
IST NURIPASA+SUMER,MAVİ YAŞAM
IST ZEYTINLIK,MELEK ECZANESİ
IST SIRINEVLER -1,NAZLI ECZANESİ
IST YESILKOY+YESILYURT,NİL
IST ATAKOY+SENLIKKOY,NİMET
IST AVCILAR MERKEZ,NUR
IST BESTELSIZ,OLİVYUM ECZANESİ
IST OSMANIYE,ÖZHAN ECZANESİ
IST FIRUZKOY+KEMALPASA,PELİCAN MALL
IST ATAKOY+SENLIKKOY,PHARMATAKÖY
IST KAZLICESME,POYRAZ ECZANESİ
IST ATAKOY+SENLIKKOY,POZİTİF
IST CEVIZLIK+S.AGACI,SADIK AHMET
IST FIRUZKOY+KEMALPASA,SEREN
IST AVCILAR MERKEZ,TUNA ECZANESİ
IST ZUHURATBABA -2,UÇKUNKAYA ECZANESİ
IST YESILKOY+YESILYURT,UFUK
IST ZEYTINLIK,UMAY ECZANESİ
IST AVCILAR MERKEZ,ÜMİT ECZANESİ
IST CERRAHPASA -4,YENİ EDA
IST FIRUZKOY+KEMALPASA,YENİ GÜNDOĞDU
IST YESILKOY+YESILYURT,YEŞİLYURT ECZANESİ
IST ATAKOY+SENLIKKOY,YONCA ECZANESİ
IST AVCILAR MERKEZ,YURDAKUL
IST KARTALTEPE -1,ZEYNEP
IST NURIPASA+SUMER,ZEYTİNBURNU DOĞA ECZANESİ
IST CIRPICI+VELIEFENDI,ZÜMRÜT ECZANESİ
IST LEVAZIM+NISPETIYE,AKMERKEZ ECZANESİ
IST DIKILITAS+YILDIZ,ALEV ECZANESİ
IST ETILER,ALTUĞ ECZANESİ
IST LEVAZIM+NISPETIYE,ARİEL ECZANESİ
IST LEVENT,ASUMAN MİLAR ECZANESİ
IST AYAZAGA,AYÇA ECZANESİ
IST ETILER,AYÇİN ECZANESİ
IST BUYUKDERE+TARABYA,AYLİN ECZANESİ
IST ETILER,BERRAK ECZANESİ
IST AYAZAGA,BURÇ ECZANESİ
IST BUYUKDERE+TARABYA,ÇAĞAN ECZANESİ
IST ETILER,ÇINAR ECZANESİ
IST ISTINYE+YENIKOY,DEFNE ECZANESİ
IST ISTINYE+YENIKOY,DEFNESU ECZANESİ
IST DIKILITAS+YILDIZ,DEREBOYU
IST ORTAKOY+BEBEK,DERMAKO ECZANESİ
IST LEVENT,DİRİM ECZANESİ
IST ORTAKOY+BEBEK,DOĞA ECZANESİ
IST SARIYER MERKEZ,FİLİZ ECZANESİ
IST ORTAKOY+BEBEK,GÜNCE ECZANESİ
IST LEVENT,HANDE ECZANESİ
IST SARIYER MERKEZ,İKİZLER ECZANESİ
IST ISTINYE+YENIKOY,İREM ECZANESİ
IST ISTINYE+YENIKOY,İSTİNYE PARK ECZANESİ
IST LEVAZIM+NISPETIYE,KEREM ECZANESİ
IST SARIYER MERKEZ,KÖY ECZANESİ
IST SARIYER MERKEZ,KUMKÖY ECZANESİ
IST LEVENT,LEVENT ÇARŞI ECZANESİ
IST LEVENT,LEVENT ECZANESİ
IST LEVAZIM+NISPETIYE,LEVENT FENİL ECZANESİ
IST ORTAKOY+BEBEK,LOTUS ECZANESİ
IST AYAZAGA,MASHATTAN ECZANESİ
IST AYAZAGA,MASLAK 1453 ECZANESİ
IST AYAZAGA,MASLAK CAN ECZANESİ
IST ISTINYE+YENIKOY,MAVİ ECZANESİ
IST SARIYER MERKEZ,METE ECZANESİ
IST BUYUKDERE+TARABYA,MİS ECZANESİ
IST ETILER,NEKTAR ECZANESİ
IST AYAZAGA,NEVA ECZANESİ
IST LEVAZIM+NISPETIYE,NURSEL ECZANESİ
IST ALEMDAG+SARIGAZI,ORGANİK ECZANESİ
IST DIKILITAS+YILDIZ,ORTAKÖY ECZANESİ
IST LEVENT,ÖMÜR ECZANESİ
IST AYAZAGA,ÖNCÜ
IST AYAZAGA,POLAT ECZANESİ
IST ISTINYE+YENIKOY,SEZER ECZANESİ
IST ORTAKOY+BEBEK,SÜTSEVER ECZANESİ
IST LEVAZIM+NISPETIYE,ŞİFA ECZANESİ
IST BUYUKDERE+TARABYA,TARABYA ECZANESİ
IST BUYUKDERE+TARABYA,TARABYA İNCİ ECZANESİ
IST BUYUKDERE+TARABYA,TURUNCU ECZANESİ
IST ORTAKOY+BEBEK,TÜRKKOLU ECZANESİ
IST SARIYER MERKEZ,USKUMRUKÖY ECZANESİ
IST AYAZAGA,VADİ ECZANESİ
IST AYAZAGA,VADİ İSTANBUL ECZANESİ
IST AYAZAGA,VADİKORU ECZANESİ
IST EMIRGAN+RESITPASA,YALI ECZANESİ
IST ISTINYE+YENIKOY,YENİ BAĞLAR ECZANESİ
IST SARIYER MERKEZ,ZEKERİYAKÖY ECZANESİ
IST LEVAZIM+NISPETIYE,ZORLU CENTER ECZANESİ
IST CERRAHPASA -4,AKSARAY TERMİNAL ECZANESİ
IST MURATPASA,ATA TAÇ ECZANESİ
IST BEYAZIT,AYASOFYA ECZANESİ
IST SULTAN AHMET,AYHAN ECZANESİ
IST SULTAN AHMET,BEYAZIT HALK ECZANESİ
IST BEYAZIT,BİLGE ECZANESİ
IST BEYAZIT,BİLGİN ECZANESİ
IST BEYAZIT,CAĞALOĞLU ECZANESİ
IST GOP YILDIZTABYA,CEMRE ECZANESİ
IST CERRAHPASA -1,DENİZ ŞEHREMİNİ ECZANESİ
IST GOP KARAYOLLARI,ECVA ECZANESİ
IST CAPA -2,EFEOĞLU ECZANESİ
IST OSMANIYE,EMİNÖNÜ ECZANESİ
IST FATIH -3,FATİH AKDENİZ ECZANESİ
IST FATIH -3,FATİH TİLLO ECZANESİ
IST BEYAZIT,GOLDEN SİRKECİ ECZANESİ
IST GOP BAGLARBASI,GÜLŞEN ECZANESİ
IST BEYAZIT,GÜNAY ECZANESİ
IST KECIHATUN,HASEKİ TİLLO ECZANESİ
IST SULEYMANIYE,HASIRCILAR ECZANESİ
IST FATIH -3,HİSTORİA ECZANESİ
IST SULTAN AHMET,KADIRGA ECZANESİ
IST SULTAN AHMET,KARABİBER ECZANESİ
IST KARABAYIR,KERVAN ECZANESİ
IST FATIH -1,KIZTAŞI ECZANESİ
IST SULTAN AHMET,KORKMAZ ECZANESİ
IST SULEYMANIYE,LALELİ BABA ECZANESİ
IST SULEYMANIYE,LALELİ ECZANESİ
IST SULEYMANIYE,LALELİ HÜLYA ECZANESİ
VAN MERKEZ -2,LALELİ İSTANBUL ECZANESİ
IST SULTAN AHMET,LALELİ MERKEZ ECZANESİ
IST ESENYURT,LOTUS ECZANESİ
IST FATIH -3,MALİK ECZANESİ
IST GOP SARIGOL,MİNE ECZANESİ
IST FATIH -3,EGE ECZANESİ
IST MURATPASA,MOLLA GÜRANİ ECZANESİ
IST FATIH -2,MUHTAR ECZANESİ
IST CERRAHPASA -3,NURTANE ECZANESİ
IST SULTAN AHMET,ÖMER ECZANESİ
IST BEYAZIT,ÖZKUL ECZANESİ
IST SILIVRIKAPI,PAPATYA ECZANESİ
IST BEYAZIT,ÇARŞI ECZANESİ
IST GOP SULTANCIFTLIGI,SELAY ECZANESİ
IST BEYAZIT,SİRKECİ ECZANESİ
IST SULEYMANIYE,SU ECZANESİ
IST CAPA -3,ŞİRİN ECZANESİ
IST SULEYMANIYE,TAHTAKALE ECZANESİ
IST GOP YILDIZTABYA,TUBA ECZANESİ
IST SULEYMANIYE,UNKAPANI İMÇ ECZANESİ
IST BEYAZIT,UTKU ECZANESİ
IST SISLI -2,ÜMİT ŞAHİN ECZANESİ
IST SULEYMANIYE,VİTAMİN ECZANESİ
IST SULTAN AHMET,YAĞMUR ECZANESİ
IST MURATPASA,YASEMİN GÜL ECZANESİ
IST KOCAMUSTAFAPASA,YEDİKULE MÜGE ECZANESİ
IST FATIH -2,YENİ ŞİFA ECZANESİ
IST SULTAN AHMET,YENİKAPI İSKELE ECZANESİ
IST SULEYMANIYE,ZAFER ECZANESİ
IST KECIHATUN,EGEM ECZANESİ
IST SULTAN AHMET,SEFA ECZANESİ